customer_id,total_spent,avg_transaction_amount,transaction_count,transaction_amount_std,recency_days,unique_products_purchased
CUST_000000,1188.3007778443714,132.0334197604857,9,83.06413987204363,17,9
CUST_000001,798.9039751998596,133.15066253330994,6,90.20690200915882,0,6
CUST_000002,633.4914689176687,126.69829378353374,5,94.6458803460146,21,5
CUST_000003,683.7179037038416,170.9294759259604,4,56.6765266908886,69,4
CUST_000004,534.1676031501167,178.0558677167056,3,108.30344333929459,20,3
CUST_000005,790.1196235490161,131.68660392483602,6,72.85710124235038,92,6
CUST_000006,423.3735048352891,211.68675241764456,2,74.57582430456685,15,2
CUST_000007,1402.5196713723517,233.75327856205863,6,50.37719055490861,6,6
CUST_000008,659.6927468231376,164.9231867057844,4,126.4210951962717,115,4
CUST_000009,914.6298289089276,228.6574572272319,4,40.40831923607322,17,4
CUST_000010,381.123240501605,63.52054008360083,6,61.8154942924795,38,6
CUST_000011,1241.542452396758,177.36320748525117,7,87.52691586386592,0,7
CUST_000012,969.4076599225242,138.4868085603606,7,93.2054482265898,69,7
CUST_000013,979.56031045901,244.8900776147525,4,67.09419662815587,13,4
CUST_000014,65.47065567741512,32.73532783870756,2,3.0335089963993687,55,2
CUST_000015,1668.702089445347,185.41134327170522,9,85.85060508427735,55,9
CUST_000016,983.752013288009,122.96900166100113,8,98.55907256484636,19,8
CUST_000017,1107.724368039807,158.24633829140097,7,65.94915989135426,8,7
CUST_000018,1142.717093943819,142.83963674297738,8,101.50307862092497,36,8
CUST_000019,624.6360864492492,208.2120288164164,3,50.06906647674166,200,3
CUST_000020,395.9607448751159,131.98691495837195,3,83.01682699293308,102,3
CUST_000021,397.2914198466019,198.64570992330096,2,21.568909495312756,76,2
CUST_000022,1099.418411269072,157.05977303843886,7,93.13709599817354,8,7
CUST_000023,1287.7752197078134,183.96788852968763,7,99.37062540405226,83,7
CUST_000024,1411.5816444323775,235.26360740539624,6,78.50137522292046,35,6
CUST_000025,868.8822969746238,144.81371616243732,6,88.71099493396139,40,6
CUST_000026,545.9221080540663,181.97403601802208,3,130.83769027651488,30,3
CUST_000027,1117.126953941604,159.58956484880056,7,84.71041594029609,17,7
CUST_000028,481.2430686503627,160.41435621678758,3,58.28773107322785,179,3
CUST_000029,1105.249708499577,184.2082847499295,6,67.54727032520445,38,5
CUST_000030,945.7352297278578,157.6225382879763,6,69.44392322148333,10,6
CUST_000031,182.88721139409648,182.88721139409648,1,0.0,159,1
CUST_000032,283.03960789504663,94.34653596501555,3,41.85727298340233,72,3
CUST_000033,260.48290249634596,86.82763416544866,3,55.329543975713115,61,3
CUST_000034,929.5356014460715,185.9071202892143,5,86.28646705915428,62,5
CUST_000035,1008.3497380413475,144.04996257733535,7,95.47334460486921,18,7
CUST_000036,535.5022271552972,133.8755567888243,4,63.65716232478448,182,4
CUST_000037,625.2914690684413,125.05829381368827,5,87.6972114636212,42,5
CUST_000038,1197.6259830180736,171.0894261454391,7,95.73229365251196,33,7
CUST_000039,555.6813955791692,185.22713185972307,3,90.40933532148092,41,3
CUST_000040,545.3061334557216,181.76871115190718,3,140.12282149370043,154,3
CUST_000041,1152.3210309587182,164.61729013695975,7,94.90982487958763,16,7
CUST_000042,927.9603956279658,185.59207912559316,5,104.71983018073128,119,5
CUST_000043,1204.1586254085933,133.79540282317703,9,65.69000364129168,35,9
CUST_000044,193.9151223071454,193.9151223071454,1,0.0,306,1
CUST_000045,1394.1832317421056,154.90924797134505,9,71.43168325742566,83,9
CUST_000046,1273.9347574798358,212.32245957997262,6,60.763912011769534,66,6
CUST_000047,245.49236151258606,122.74618075629303,2,59.09600545821916,118,2
CUST_000048,525.8084230939265,175.26947436464218,3,69.4885232368841,157,3
CUST_000049,768.6066022733489,128.1011003788915,6,78.0238495186266,3,6
CUST_000050,1286.999900591205,160.87498757390063,8,103.94721821647492,30,8
CUST_000051,1472.1130432733514,184.01413040916893,8,67.129144799046,16,8
CUST_000052,809.4715702839314,202.36789257098286,4,115.58464819600728,45,4
CUST_000053,717.4898102753104,119.58163504588508,6,45.45471810608442,3,6
CUST_000054,797.6792187240312,132.9465364540052,6,56.63827040638517,18,6
CUST_000055,918.3087088082852,183.66174176165705,5,43.03935904593736,54,5
CUST_000056,1409.9108962057758,176.23886202572197,8,53.75429115211888,23,8
CUST_000057,735.2700861024816,147.05401722049632,5,69.24604037105303,72,5
CUST_000058,262.44770211920206,131.22385105960103,2,129.70465032226917,85,2
CUST_000059,777.658772538103,111.09411036258614,7,67.85433909596946,20,7
CUST_000060,1276.0129924123924,212.66883206873206,6,104.03039503071751,40,6
CUST_000061,1133.9453608737308,141.74317010921635,8,102.83540842398196,30,8
CUST_000062,359.7010453606369,179.85052268031845,2,141.3525104660286,191,2
CUST_000063,550.8380892682575,137.70952231706437,4,68.61073418038251,65,4
CUST_000064,1062.7290220227878,177.12150367046465,6,83.2028081479636,23,6
CUST_000065,856.1771809755954,142.69619682926592,6,99.37217171549044,81,6
CUST_000066,1245.791383385032,138.42126482055912,9,81.36637291155888,22,9
CUST_000067,548.2563005946076,137.0640751486519,4,126.12965798620262,5,4
CUST_000068,1242.8853740168656,124.28853740168657,10,92.3090757668751,88,10
CUST_000069,507.84788419554667,101.56957683910933,5,66.80734220483382,19,5
CUST_000070,510.8556452423068,102.17112904846137,5,89.82814271739826,48,5
CUST_000071,973.2009058195993,139.0287008313713,7,85.48481286557954,73,7
CUST_000072,999.4098956725375,199.8819791345075,5,75.72098162578318,72,5
CUST_000073,1172.7182181844812,117.27182181844812,10,86.5681199775266,13,10
CUST_000074,217.47649895019677,217.47649895019677,1,0.0,65,1
CUST_000075,815.4509626926797,135.90849378211328,6,50.30717022942586,80,6
CUST_000076,555.76945801289,111.153891602578,5,98.3307404467054,66,5
CUST_000077,875.2504600566349,145.8750766761058,6,81.01149443502928,43,6
CUST_000078,1418.986621051486,177.37332763143576,8,105.72037335875352,110,8
CUST_000079,597.0694426899263,199.02314756330875,3,90.87657451542823,29,3
CUST_000080,1157.952409721781,192.99206828696347,6,54.25360066827448,42,6
CUST_000081,1235.8160169351388,154.47700211689235,8,80.20084194165024,41,8
CUST_000082,549.8971928800977,137.47429822002442,4,95.49502589440368,59,4
CUST_000083,896.7744883663845,224.19362209159613,4,58.94864872944477,213,4
CUST_000084,462.759655124774,154.25321837492467,3,88.30139713117242,163,3
CUST_000085,1035.6708632575005,172.61181054291674,6,119.67606057932247,30,6
CUST_000086,719.2990746718456,143.85981493436913,5,107.9841354348602,137,5
CUST_000087,915.8302904636017,152.63838174393362,6,108.91906278211694,77,6
CUST_000088,557.4269783326647,278.71348916633235,2,17.51073976001692,244,2
CUST_000089,546.4503810113816,136.6125952528454,4,30.0144858603023,26,4
CUST_000090,1236.0344465234248,247.20688930468495,5,45.095663783828904,11,5
CUST_000091,435.5356671464317,145.17855571547724,3,104.79237348354727,252,3
CUST_000092,1341.832132339044,134.18321323390438,10,101.011240406629,6,10
CUST_000093,674.215624730052,134.8431249460104,5,89.87062256650523,14,5
CUST_000094,467.432560455149,116.85814011378724,4,50.50765305614375,61,4
CUST_000095,806.3062596264224,161.26125192528448,5,51.93355820836546,16,5
CUST_000096,1223.4268049671998,152.92835062089998,8,94.77713930955997,91,8
CUST_000097,333.46290672718624,166.73145336359312,2,64.04181118876228,167,2
CUST_000098,307.9673548977504,102.6557849659168,3,55.14108173318857,33,3
CUST_000099,662.7448166273448,165.6862041568362,4,102.89231408140094,112,4
CUST_000101,594.8850769968628,148.7212692492157,4,98.32265716143326,160,4
CUST_000102,1135.4176535911229,141.92720669889036,8,79.88664255189545,16,8
CUST_000103,947.8118897158552,236.9529724289638,4,32.80558753331824,68,4
CUST_000104,525.4601944146709,105.09203888293419,5,76.9006608034171,76,5
CUST_000105,1460.2866919012095,182.53583648765118,8,74.3895915804994,35,8
CUST_000106,1564.5845983032423,156.45845983032422,10,79.20373922129447,37,10
CUST_000107,1226.4189554552265,204.40315924253775,6,61.25371673888072,14,6
CUST_000108,234.71950127128852,78.23983375709618,3,29.85207190095385,39,3
CUST_000109,1212.8146644223275,173.2592377746182,7,68.35301039031269,57,7
CUST_000110,2000.4806930316731,222.27563255907478,9,42.182038021074135,7,9
CUST_000111,1728.9033731222944,172.89033731222943,10,80.12686092714449,15,10
CUST_000112,608.3764123906358,202.79213746354526,3,87.1040671357719,282,3
CUST_000113,620.9584549606016,155.2396137401504,4,92.6388045434318,88,4
CUST_000114,1141.0198817442463,114.10198817442463,10,97.01379076517539,91,10
CUST_000115,1365.0819970248806,170.63524962811007,8,66.64464978899498,30,8
CUST_000116,290.09137271831645,290.09137271831645,1,0.0,167,1
CUST_000117,640.5969745792947,213.5323248597649,3,72.35092475820298,67,3
CUST_000118,575.0186337402583,191.67287791341946,3,117.8149482834365,88,3
CUST_000119,1027.3622419748613,171.22704032914353,6,78.33150355227994,24,6
CUST_000120,225.96926335041462,75.32308778347154,3,57.29006213134626,17,3
CUST_000121,778.9204864221288,129.8200810703548,6,93.38503965554183,129,6
CUST_000122,1136.936692633909,162.41952751912984,7,79.8691990963001,5,7
CUST_000123,401.15156149296786,200.57578074648393,2,46.458589400931054,30,2
CUST_000124,401.1332853030736,100.2833213257684,4,63.40858979254854,49,4
CUST_000125,1016.4980944524916,169.41634907541527,6,36.78674656620983,41,6
CUST_000126,154.8203582396962,154.8203582396962,1,0.0,209,1
CUST_000127,848.3411649469659,169.66823298939318,5,108.23476066905951,46,5
CUST_000128,605.2704159971656,151.3176039992914,4,82.28407909710229,82,4
CUST_000129,1076.5543805601023,153.79348293715748,7,58.34349498562819,12,7
CUST_000130,833.1261924024113,277.7087308008038,3,26.10793345103912,16,3
CUST_000131,258.0178406520251,258.0178406520251,1,0.0,125,1
CUST_000132,591.282122269685,147.82053056742126,4,96.28918258579397,110,4
CUST_000133,1013.4518789551865,144.77883985074092,7,99.08171113109452,21,7
CUST_000134,290.8045332867095,96.93484442890316,3,54.74676857102997,254,3
CUST_000135,541.1966927279104,180.39889757597015,3,106.68428820579793,176,3
CUST_000136,99.54968864217282,99.54968864217282,1,0.0,53,1
CUST_000137,1688.5254933667707,211.06568667084633,8,58.96119009827038,40,8
CUST_000138,410.04575026169744,102.51143756542436,4,74.95079640545748,134,4
CUST_000139,346.3139747941741,173.15698739708705,2,170.14481618772402,49,2
CUST_000140,142.0850158818449,142.0850158818449,1,0.0,283,1
CUST_000141,368.5487141667228,184.2743570833614,2,24.99467442561122,110,2
CUST_000142,747.8997204564706,149.57994409129412,5,75.78166251224611,51,5
CUST_000143,676.339924224103,169.08498105602575,4,120.1466887232261,67,4
CUST_000144,844.8043485127439,168.9608697025488,5,62.03044050643264,121,5
CUST_000145,1537.7510898643375,170.86123220714862,9,86.15338307024817,59,9
CUST_000146,983.545058316073,140.50643690229614,7,86.91105403069923,93,7
CUST_000147,483.44569375829,241.722846879145,2,38.74244393321673,4,2
CUST_000148,1391.4451437103855,139.14451437103855,10,89.98474567143208,20,10
CUST_000149,835.2699757991189,167.05399515982378,5,94.68670611958893,88,5
CUST_000150,365.754426090658,182.877213045329,2,120.00914018711592,217,2
CUST_000151,871.6480454271866,174.3296090854373,5,66.88189523088776,24,5
CUST_000152,618.1409680007653,206.0469893335884,3,66.04164413240545,56,3
CUST_000153,972.4762436790716,162.07937394651194,6,76.46732875995502,73,6
CUST_000154,675.5406387667229,112.59010646112047,6,53.59477914653626,182,6
CUST_000155,1363.1776671473776,194.73966673533965,7,73.55879496123238,66,7
CUST_000156,378.03864791787265,126.01288263929088,3,81.09828491417994,110,3
CUST_000157,1751.4387226648257,194.60430251831397,9,82.96775791745802,76,9
CUST_000158,663.6610837025348,165.9152709256337,4,98.54065075163375,29,4
CUST_000159,1135.5695045082298,141.94618806352872,8,90.38320032688745,23,7
CUST_000160,1228.797070869522,245.75941417390442,5,89.68361452083,116,5
CUST_000161,1488.123311992434,186.01541399905426,8,54.09667960275267,37,8
CUST_000162,738.3466163411956,184.5866540852989,4,66.99245747156715,34,4
CUST_000163,1262.0911662710798,180.2987380387257,7,109.25505424415444,79,7
CUST_000164,863.8013579721537,172.76027159443075,5,58.0892490656592,6,5
CUST_000165,1342.883067840819,134.2883067840819,10,97.02457749551036,36,10
CUST_000166,498.39853060317404,124.59963265079351,4,59.10805652147318,1,4
CUST_000167,57.059046042131655,57.059046042131655,1,0.0,14,1
CUST_000168,1008.0886338636694,168.01477231061156,6,92.8647318787695,2,6
CUST_000169,681.042670656724,136.2085341313448,5,92.74599746440471,138,5
CUST_000170,722.8295977447087,180.70739943617718,4,94.08740931663306,40,4
CUST_000171,244.89726769029846,122.44863384514923,2,121.50721550340315,75,2
CUST_000172,684.8772497055402,136.97544994110802,5,106.95600486519693,39,5
CUST_000173,800.6260612528766,160.12521225057532,5,77.95733544071071,45,5
CUST_000174,820.699666634398,164.1399333268796,5,47.278954703506926,37,5
CUST_000175,1399.0267233000557,233.17112055000928,6,54.42538220220393,73,6
CUST_000176,918.9949740688733,153.16582901147888,6,73.18339741274339,26,6
CUST_000177,643.0035870921105,160.75089677302762,4,77.56522524158743,64,4
CUST_000178,727.1073698216053,145.42147396432105,5,81.73479990541296,15,5
CUST_000179,1450.3603748548812,181.29504685686015,8,97.71507806195804,9,8
CUST_000180,975.8785785717188,162.64642976195313,6,91.8648905342254,79,6
CUST_000181,104.38538592491659,52.192692962458295,2,10.297784396296919,20,2
CUST_000182,650.4077706374275,130.0815541274855,5,60.414899973096894,36,5
CUST_000183,760.2818211547092,190.0704552886773,4,86.14729083252904,74,4
CUST_000184,352.08905293314905,117.36301764438302,3,109.41170798373274,98,3
CUST_000185,1685.0538465295092,168.5053846529509,10,108.35352219580588,4,10
CUST_000186,1314.1186265305785,187.73123236151122,7,86.57411973227795,41,7
CUST_000187,690.2978049696757,230.09926832322523,3,89.46473169171466,4,3
CUST_000188,1479.67842218083,184.95980277260375,8,83.19141766470042,19,8
CUST_000189,446.16000006613586,223.08000003306793,2,60.82071702411048,23,2
CUST_000190,669.5255648347527,167.38139120868817,4,73.21928224711333,9,4
CUST_000191,760.2980943264856,126.71634905441427,6,96.89756759126986,48,6
CUST_000192,894.8917285019656,178.97834570039313,5,107.15116696938193,9,5
CUST_000193,396.2486801811349,99.06217004528372,4,77.63841277397697,27,4
CUST_000194,899.74634416309,179.949268832618,5,65.08791297318508,47,5
CUST_000195,696.6700316007241,232.22334386690804,3,39.66429662126584,94,3
CUST_000196,691.727301840026,230.57576728000868,3,23.1572244522635,7,3
CUST_000197,247.30875373130417,82.43625124376806,3,59.98449663577807,62,3
CUST_000198,373.50154307131896,186.75077153565948,2,92.81918572945747,45,2
CUST_000199,684.7250359991095,228.24167866636984,3,45.4389368808816,73,3
CUST_000200,1367.7217138989809,195.388816271283,7,87.42549609230592,73,7
CUST_000201,606.2539332413966,86.60770474877094,7,59.944985691319054,61,7
CUST_000202,373.07962577724334,93.26990644431083,4,44.49490967423958,34,4
CUST_000203,916.5070531014867,130.9295790144981,7,93.96526149373958,22,7
CUST_000204,664.112446172421,221.370815390807,3,69.87017610341415,169,3
CUST_000205,799.7945444495898,199.94863611239745,4,91.84724376412315,59,4
CUST_000206,1040.9126517521959,208.18253035043918,5,111.14747064137588,46,5
CUST_000207,1392.9836365975227,232.16393943292044,6,43.74565084119226,9,6
CUST_000208,704.3715559373187,176.09288898432968,4,48.99701362276479,177,4
CUST_000209,486.3631588438652,121.5907897109663,4,60.79096255069665,51,4
CUST_000210,257.1446079431008,128.5723039715504,2,66.1574326282261,41,2
CUST_000211,704.0621134360118,176.01552835900296,4,37.6025019826264,41,4
CUST_000212,884.5248989506605,221.13122473766512,4,91.89825040396936,53,4
CUST_000213,878.091682807053,97.56574253411699,9,87.55139268310637,6,9
CUST_000214,261.35691290522607,65.33922822630652,4,57.334711612579994,202,4
CUST_000215,1678.972636774941,139.91438639791176,12,78.03376787782821,2,12
CUST_000216,758.9010102678466,151.78020205356933,5,97.59392176615859,68,4
CUST_000217,629.4685450408427,209.82284834694758,3,59.600124219989766,12,3
CUST_000218,262.69362895734025,262.69362895734025,1,0.0,233,1
CUST_000219,743.0707061268196,185.7676765317049,4,88.49409237064675,82,4
CUST_000220,724.1051283969684,120.68418806616141,6,61.21768807820234,9,6
CUST_000221,651.5429883724673,108.59049806207788,6,95.13416086336802,52,6
CUST_000222,244.20571627781177,122.10285813890589,2,65.42664761242446,133,2
CUST_000223,628.3864826880019,209.46216089600065,3,66.98771233108117,2,3
CUST_000224,739.1596143106996,105.59423061581423,7,99.97810349081702,53,7
CUST_000225,783.5889641218927,156.71779282437853,5,50.57552550853427,15,5
CUST_000226,582.3161313138877,194.10537710462924,3,60.218812537664334,92,3
CUST_000227,1060.7361106388216,176.78935177313693,6,93.25708563274087,22,6
CUST_000228,269.6163089932129,89.87210299773763,3,36.2603683496882,19,3
CUST_000229,561.5720125359345,140.39300313398363,4,99.42320571100247,202,4
CUST_000230,1091.9888499595295,218.3977699919059,5,97.86526529687774,109,5
CUST_000231,634.0705792647354,158.51764481618386,4,100.48975692801798,27,4
CUST_000232,1283.1006501119878,183.3000928731411,7,104.98347044846363,3,7
CUST_000233,1531.5845849313432,170.17606499237147,9,70.09440435797863,53,9
CUST_000234,805.6654377100687,161.13308754201373,5,108.4639775346039,7,5
CUST_000235,876.5963661520103,175.31927323040208,5,87.2149289979899,30,5
CUST_000236,534.0880883545414,178.0293627848471,3,81.28691070586122,0,3
CUST_000237,373.9240867567971,93.48102168919928,4,76.03923350046955,46,4
CUST_000238,440.0992745603667,110.02481864009168,4,93.16831628775333,52,4
CUST_000239,1004.0378277629103,167.33963796048505,6,67.31706342749285,38,6
CUST_000240,1125.7639404368226,125.08488227075807,9,77.4109238663253,68,9
CUST_000241,555.1793701275038,111.03587402550076,5,96.07633100936309,90,5
CUST_000242,464.71997804935637,116.17999451233909,4,112.43703703122202,289,4
CUST_000243,822.6623572213568,164.53247144427138,5,82.13538049802823,14,5
CUST_000244,471.2354249459722,157.07847498199075,3,129.92624610444716,86,3
CUST_000245,1343.2856037327274,149.25395597030305,9,53.00014109345837,7,9
CUST_000246,28.53428307525092,28.53428307525092,1,0.0,242,1
CUST_000247,634.1328263518599,126.82656527037197,5,109.13691356362776,125,5
CUST_000248,842.8474944151068,168.56949888302137,5,104.59814437168357,21,5
CUST_000249,907.8770144446906,151.31283574078176,6,74.80908817161996,43,6
CUST_000250,1061.8261824475048,212.36523648950097,5,91.26312753617759,76,5
CUST_000251,378.1269541050332,126.04231803501106,3,65.1111859307555,30,3
CUST_000252,995.9840201332206,199.19680402664412,5,71.33242638686566,9,5
CUST_000253,1072.6521690009074,178.77536150015123,6,66.9861245974755,42,6
CUST_000254,966.3644606479759,138.0520658068537,7,99.39909264172857,159,7
CUST_000255,952.6576204296127,119.08220255370159,8,57.90658994841793,8,8
CUST_000256,733.8326109485886,91.72907636857357,8,78.82293189473852,4,8
CUST_000257,762.5480419819901,152.50960839639802,5,82.45940719201737,146,5
CUST_000258,830.4179360433416,103.8022420054177,8,78.60142695154708,10,8
CUST_000259,1112.328998439308,139.0411248049135,8,82.48247166855478,24,8
CUST_000260,981.8257314222355,196.36514628444712,5,61.871271818730065,67,5
CUST_000261,551.8963205817832,183.96544019392775,3,110.92600167571982,116,3
CUST_000262,285.69382594899224,95.23127531633075,3,37.2898543412476,206,3
CUST_000263,278.8637251420231,139.43186257101155,2,49.5623246548179,199,2
CUST_000264,852.7018552522367,170.54037105044733,5,51.246731317985144,104,5
CUST_000265,1163.41731062036,232.683462124072,5,73.90652452031173,43,5
CUST_000266,684.2629648477739,171.06574121194348,4,111.96190834685247,113,4
CUST_000267,737.1651737018752,184.2912934254688,4,53.48246369054597,16,4
CUST_000268,602.5086918368285,200.83623061227615,3,82.69725294354323,85,3
CUST_000269,750.6652830326076,187.6663207581519,4,86.59964018016277,23,4
CUST_000270,1042.7419396236296,148.9631342319471,7,95.13835101505157,24,7
CUST_000271,1037.3986197968675,207.4797239593735,5,90.51516038697758,19,5
CUST_000272,483.9247590279174,120.98118975697935,4,87.95771040895465,7,4
CUST_000273,819.4298205282761,102.42872756603451,8,89.84866470582567,70,8
CUST_000274,400.8681771093664,100.2170442773416,4,53.06864056615007,187,4
CUST_000275,367.1940943547579,122.39803145158596,3,75.08717345585558,56,3
CUST_000276,311.87626601051994,103.95875533683999,3,90.62187590203702,52,3
CUST_000277,847.1330422799416,169.42660845598832,5,58.95520559061312,109,5
CUST_000278,364.03800070998363,91.00950017749591,4,91.52042345982751,20,4
CUST_000279,421.6992103746776,105.4248025936694,4,105.2248387373156,0,4
CUST_000280,416.09163190098064,138.6972106336602,3,140.26022951553674,132,3
CUST_000281,84.90712444700173,84.90712444700173,1,0.0,268,1
CUST_000282,876.6507635975522,175.33015271951044,5,52.99299683483301,8,5
CUST_000283,1078.9138238988544,134.8642279873568,8,80.75259860272668,20,8
CUST_000284,596.4789792169973,119.29579584339947,5,45.65063905719656,26,5
CUST_000285,656.425154441589,164.10628861039726,4,96.7721893884858,61,4
CUST_000286,644.5364806457424,214.84549354858078,3,36.578484080644586,12,3
CUST_000287,642.8010959871442,160.70027399678605,4,87.79767931025826,47,4
CUST_000288,697.6344201981367,232.54480673271223,3,66.4470984028588,14,3
CUST_000289,1658.2062036468005,184.24513373853338,9,100.79148678114699,22,8
CUST_000290,524.395253612449,131.09881340311225,4,117.33099986207212,53,4
CUST_000291,680.3767274834349,170.09418187085873,4,109.34974180475314,97,4
CUST_000292,1227.8558549272668,136.42842832525187,9,96.34983654506367,15,9
CUST_000293,458.13631556192865,114.53407889048216,4,54.64767480723189,91,4
CUST_000294,904.8281013437288,180.96562026874577,5,70.44028048503671,20,5
CUST_000295,542.993356283631,135.74833907090775,4,110.1170640254945,123,4
CUST_000296,25.219695928921,25.219695928921,1,0.0,9,1
CUST_000297,843.0386387658494,140.50643979430825,6,52.41722851448766,105,6
CUST_000298,665.4448166329283,110.9074694388214,6,46.939988598958905,22,6
CUST_000299,445.08150104633046,148.3605003487768,3,50.96820397570483,49,3
CUST_000300,805.1791377413181,201.29478443532952,4,54.06536344136377,16,4
CUST_000301,754.4350701670788,125.73917836117981,6,102.9278766836713,60,6
CUST_000302,1131.027468032406,226.20549360648118,5,38.24855402314614,19,5
CUST_000303,872.550293108068,174.5100586216136,5,28.02628878097205,96,5
CUST_000304,751.5746886207128,250.52489620690426,3,56.711083960339494,27,3
CUST_000305,563.9756975173144,187.99189917243814,3,23.009259490469354,166,3
CUST_000306,543.0991717625164,135.7747929406291,4,90.3021330904464,12,4
CUST_000307,1199.0301672534624,171.2900238933518,7,108.14242862326691,2,7
CUST_000308,1190.3662939438432,148.7957867429804,8,92.60886675420345,62,8
CUST_000309,242.42904117055969,80.80968039018656,3,44.077294173771385,88,3
CUST_000310,624.2141887536991,208.07139625123304,3,58.57306789603485,28,3
CUST_000311,793.8908845844043,132.31514743073404,6,62.613669600439195,100,6
CUST_000312,626.3993900375732,125.27987800751464,5,71.52932476997222,19,5
CUST_000313,488.41057571986244,97.68211514397248,5,64.46293036623231,42,5
CUST_000314,585.8139262170392,146.4534815542598,4,115.32115359882263,40,4
CUST_000315,1038.1500077089115,207.6300015417823,5,84.16012471350393,69,5
CUST_000316,941.4906103948828,188.29812207897655,5,89.10729147841455,23,5
CUST_000317,714.663391290195,142.932678258039,5,73.81031167450817,68,5
CUST_000318,951.5453907585909,190.30907815171818,5,108.438962572888,36,5
CUST_000319,1014.2767286485616,169.04612144142695,6,90.14065688397172,71,6
CUST_000320,966.4017111658981,161.066951860983,6,71.09871889410438,61,6
CUST_000321,678.4455504542093,135.68911009084187,5,96.97989052512996,59,5
CUST_000322,197.90579272956393,98.95289636478196,2,33.23998569951076,65,2
CUST_000323,1369.1593941087358,195.59419915839084,7,98.59955094042536,8,7
CUST_000324,337.3526147638901,168.67630738194504,2,64.33655436495333,165,2
CUST_000325,221.23040195729197,110.61520097864599,2,48.08542419374251,12,2
CUST_000326,504.00573461511914,168.00191153837304,3,81.2281295467023,0,3
CUST_000327,609.3229535773714,121.86459071547429,5,65.53863074047395,134,5
CUST_000328,1601.0244729363603,200.12805911704504,8,85.44518952920676,9,8
CUST_000329,891.4745847636416,127.35351210909165,7,86.81903976120665,16,7
CUST_000330,342.6121342579909,85.65303356449772,4,75.09790035624218,64,4
CUST_000331,574.5472724670926,143.63681811677316,4,112.98715045688871,129,4
CUST_000332,847.431510123522,121.06164430336028,7,66.15516035404374,12,7
CUST_000333,1142.3291925792832,163.18988465418332,7,104.02752868035022,6,7
CUST_000334,1013.4734255827744,144.78191794039634,7,80.8755099361163,100,7
CUST_000335,720.6852978388191,102.95504254840273,7,76.5013252482873,0,7
CUST_000336,916.8782383421367,229.21955958553417,4,57.4158035323768,26,4
CUST_000337,304.4359146280707,152.21795731403535,2,88.32070225927339,110,2
CUST_000338,1171.0660270997737,146.3832533874717,8,58.169249941386,102,8
CUST_000339,377.886422310643,125.96214077021433,3,49.85421887859279,31,3
CUST_000340,306.6380875696129,153.31904378480644,2,134.7416369798765,94,2
CUST_000341,746.3271089371956,149.26542178743912,5,99.6431608567291,5,5
CUST_000342,472.87725605788967,118.21931401447242,4,70.9406393873144,37,4
CUST_000343,328.61043856261017,109.53681285420339,3,76.65135857580326,103,3
CUST_000344,571.5134079106131,142.87835197765327,4,87.15434836746476,30,4
CUST_000345,531.6882329494047,132.92205823735117,4,38.00367993834004,0,4
CUST_000347,1197.5469369982495,199.59115616637493,6,72.91208852584204,21,6
CUST_000348,254.55336360140603,127.27668180070302,2,88.15402716512045,27,2
CUST_000349,37.48355856168568,37.48355856168568,1,0.0,334,1
CUST_000350,814.2171651936944,116.31673788481349,7,67.17041435352992,2,7
CUST_000351,170.58877406286234,85.29438703143117,2,93.74327673328291,81,2
CUST_000352,321.75622865996394,160.87811432998197,2,75.9628618858506,189,2
CUST_000353,1394.1947827885087,199.17068325550125,7,56.68115466289892,4,7
CUST_000354,115.86379434085444,115.86379434085444,1,0.0,22,1
CUST_000355,1103.4316852063187,183.90528086771977,6,94.72789973687604,13,6
CUST_000356,634.9643094603708,105.82738491006181,6,59.89949567300002,68,6
CUST_000357,1255.4075906677708,209.23459844462846,6,91.0740943515068,24,6
CUST_000358,503.7460355078896,125.9365088769724,4,48.743848746417626,145,4
CUST_000359,544.758969535306,136.1897423838265,4,88.19863597098711,45,4
CUST_000360,277.7682974369139,92.58943247897129,3,112.62479996943192,13,3
CUST_000361,1272.8848146458813,141.4316460717646,9,76.51943275505039,43,9
CUST_000362,774.9964719770094,154.99929439540188,5,103.35440551513607,151,5
CUST_000363,508.0596804562574,127.01492011406435,4,67.43028777564211,34,4
CUST_000364,479.0946754619656,239.5473377309828,2,29.482628416244513,189,2
CUST_000365,396.5814492933911,132.19381643113036,3,99.9092584972583,216,3
CUST_000366,459.6561873745544,153.21872912485148,3,125.1166215443248,15,3
CUST_000367,462.99213746063555,115.74803436515889,4,115.89838246646121,54,4
CUST_000368,1080.692340164751,135.08654252059387,8,85.59211112313798,34,8
CUST_000369,1040.272466002779,173.3787443337965,6,65.29522261208956,112,6
CUST_000370,1148.6637000868343,143.5829625108543,8,63.34356866457095,60,8
CUST_000371,239.8644528032044,119.9322264016022,2,82.32998091141344,55,2
CUST_000372,809.1782608801584,202.2945652200396,4,105.88218168258774,124,4
CUST_000373,1397.65462318856,174.70682789857,8,73.15684512188534,13,8
CUST_000374,658.6809276187996,219.56030920626654,3,95.42508682730237,13,3
CUST_000375,1439.9707421076548,159.99674912307276,9,96.6020474075654,20,9
CUST_000376,416.4471955183734,208.2235977591867,2,83.67833084729166,50,2
CUST_000377,646.7959178016276,129.35918356032553,5,74.4618636694028,106,5
CUST_000378,1084.2714360892435,180.7119060148739,6,97.9762708634622,75,6
CUST_000379,1228.3098669598094,204.71831115996824,6,58.17323584777561,26,6
CUST_000380,1008.1237834813526,144.01768335447895,7,105.18860349672481,9,7
CUST_000381,584.0577545145128,146.0144386286282,4,91.54825882720273,13,4
CUST_000382,225.58991222219015,75.19663740739672,3,46.279710601062895,147,3
CUST_000383,997.0660782751322,199.41321565502645,5,85.32155398956714,38,5
CUST_000384,710.1898526564335,236.72995088547782,3,54.68585445872637,21,3
CUST_000385,215.07648525444947,215.07648525444947,1,0.0,97,1
CUST_000386,1127.771418788023,161.1102026840033,7,87.69370388055218,37,7
CUST_000387,48.91870363464157,48.91870363464157,1,0.0,218,1
CUST_000388,1368.6821442029018,195.52602060041454,7,97.96376568663061,31,7
CUST_000389,920.7609827248548,184.15219654497096,5,85.40842706000713,94,5
CUST_000390,600.4052746826335,100.06754578043892,6,69.32814027422116,171,6
CUST_000391,694.3950750744474,138.8790150148895,5,55.51026566343238,54,5
CUST_000392,211.8473610697814,105.9236805348907,2,18.501684192451926,203,2
CUST_000393,1056.4494500731653,150.9213500104522,7,108.9304494947077,57,7
CUST_000394,438.64489607861276,109.66122401965319,4,32.30205827560691,196,4
CUST_000395,1351.534042545155,225.25567375752584,6,58.04294810680269,24,6
CUST_000396,1176.669059481131,168.09557992587585,7,107.83309738753842,17,7
CUST_000397,1199.8473204689153,171.4067600669879,7,64.09263527759924,109,7
CUST_000398,1675.0124439729027,167.50124439729026,10,91.30641665722688,67,10
CUST_000399,616.7845621965562,205.59485406551872,3,107.2283181443266,139,3
CUST_000400,856.8707318752138,171.37414637504276,5,100.80314148624967,11,5
CUST_000401,1216.9234796293738,202.82057993822897,6,85.15187170204122,71,6
CUST_000402,110.2617731359694,110.2617731359694,1,0.0,146,1
CUST_000403,533.255975565597,133.31399389139926,4,106.8817851541892,91,4
CUST_000404,679.3954773981847,113.23257956636411,6,65.26979862217509,15,6
CUST_000405,944.5028056432878,188.90056112865756,5,133.8452080686016,50,5
CUST_000406,581.8131310988776,145.4532827747194,4,93.4806651388024,87,4
CUST_000407,457.094776182975,114.27369404574375,4,68.84203451491257,28,4
CUST_000408,653.3990895679865,108.89984826133109,6,67.98305845254895,27,6
CUST_000409,1375.9762627144148,171.99703283930185,8,109.4827112286662,38,8
CUST_000411,968.8051507682503,193.76103015365007,5,40.41971459079018,0,5
CUST_000412,895.6023102418404,179.1204620483681,5,98.61362885548371,144,5
CUST_000413,186.37988636752493,93.18994318376247,2,17.80155383146062,44,2
CUST_000414,634.8110190478682,211.60367301595605,3,80.58951116414741,28,3
CUST_000415,447.7352390782461,149.2450796927487,3,125.26809603559023,42,3
CUST_000416,1091.331787979571,121.25908755328565,9,81.52480014468507,71,9
CUST_000417,86.91627152577563,86.91627152577563,1,0.0,363,1
CUST_000418,984.5237914465961,196.9047582893192,5,94.24659867737846,166,5
CUST_000419,830.8308404010907,166.16616808021814,5,83.83241931941176,60,5
CUST_000420,543.0976154949835,181.03253849832785,3,42.99233918035579,33,3
CUST_000421,585.1589748478152,117.03179496956304,5,104.3893655632816,17,5
CUST_000422,399.6851321309574,99.92128303273935,4,36.3527587360942,73,4
CUST_000423,560.5490770813273,93.42484618022121,6,60.57909478179241,20,6
CUST_000424,310.480464100013,155.2402320500065,2,16.61280763514825,91,2
CUST_000425,742.006614087983,185.50165352199576,4,76.2999684159438,78,4
CUST_000426,177.18957924170496,177.18957924170496,1,0.0,304,1
CUST_000427,2208.983497415246,200.81668158320417,11,64.33807122644012,33,11
CUST_000428,932.4607430255146,186.49214860510293,5,103.71506151085536,5,5
CUST_000429,420.1333730888977,84.02667461777955,5,55.362651593800074,36,5
CUST_000430,484.0392503139048,161.3464167713016,3,108.83903712697477,106,3
CUST_000431,231.3527051589161,231.3527051589161,1,0.0,254,1
CUST_000432,170.8994809859588,170.8994809859588,1,0.0,267,1
CUST_000433,976.2941207202086,195.25882414404174,5,57.12415979555668,111,5
CUST_000434,1046.1136879431456,149.4448125633065,7,89.18975872850223,13,7
CUST_000435,290.2195463469739,290.2195463469739,1,0.0,185,1
CUST_000436,78.89240422465326,78.89240422465326,1,0.0,102,1
CUST_000437,1555.2896295847247,194.4112036980906,8,71.97229079578139,3,8
CUST_000438,448.47669045890484,149.4922301529683,3,104.32111033011363,82,3
CUST_000439,1338.1200819926532,167.26501024908166,8,72.87380387442062,1,8
CUST_000440,1435.9021428324127,179.48776785405158,8,89.2315488434252,45,8
CUST_000441,868.1352455566013,144.68920759276688,6,74.66049970961403,20,6
CUST_000442,1348.8727596560418,192.6961085222917,7,81.66561199715105,35,7
CUST_000443,1089.0705913232139,181.51176522053564,6,104.49475599596175,68,6
CUST_000444,1518.7376597173363,151.87376597173363,10,87.26146785877044,7,10
CUST_000445,1189.787950703815,169.96970724340215,7,88.98411837027469,18,7
CUST_000446,1194.6492512737523,170.66417875339317,7,72.89760756095966,96,7
CUST_000447,715.770877969687,119.29514632828118,6,65.66318317052496,32,6
CUST_000448,540.3499468779406,180.11664895931355,3,15.032551680744833,233,3
CUST_000449,1191.7202726123007,170.2457532303287,7,77.34375456380965,35,7
CUST_000450,101.21009594064051,101.21009594064051,1,0.0,109,1
CUST_000451,483.90227968525426,161.30075989508475,3,110.73702121019404,40,3
CUST_000452,304.1423486020815,152.07117430104074,2,175.67883339131154,25,2
CUST_000453,54.25355767198411,27.126778835992056,2,14.416813532073487,26,2
CUST_000454,832.2278279494276,166.44556558988552,5,92.31089228282126,86,5
CUST_000455,442.22838421961677,110.55709605490419,4,83.97569721767636,0,4
CUST_000456,312.33358981101514,104.11119660367171,3,76.25851301272145,41,3
CUST_000457,287.84049316355544,95.94683105451848,3,20.194114115913184,45,3
CUST_000458,752.7431540339791,188.18578850849477,4,54.93750480906308,89,4
CUST_000459,438.24081552058345,146.08027184019448,3,108.21642290306978,241,3
CUST_000460,769.7092181694046,128.28486969490078,6,103.61446255256205,1,6
CUST_000461,1125.5005452673695,140.6875681584212,8,83.95262673856195,55,8
CUST_000462,1638.4284479084529,163.84284479084528,10,92.90905202816371,41,10
CUST_000463,920.2061109469012,153.36768515781685,6,95.35252071607995,62,6
CUST_000464,807.9837953210903,161.59675906421805,5,73.23471437657881,8,5
CUST_000465,617.6627290359041,154.41568225897603,4,50.56449129914687,92,4
CUST_000466,993.2193869988673,141.88848385698105,7,58.72291249865586,52,7
CUST_000467,628.7149713461571,157.17874283653927,4,112.76415543044972,103,4
CUST_000468,1133.2662010081615,188.8777001680269,6,53.06992100548884,25,6
CUST_000469,134.65106467877075,134.65106467877075,1,0.0,103,1
CUST_000470,352.4774406100645,88.11936015251612,4,79.82032188979548,50,4
CUST_000471,614.6183281426456,204.87277604754854,3,55.4559867886231,191,3
CUST_000472,187.88223632306378,93.94111816153189,2,60.204989355184516,286,2
CUST_000473,1027.4629714255304,146.78042448936148,7,68.55066340684552,17,7
CUST_000474,975.350317151945,195.07006343038898,5,70.41428135231398,30,5
CUST_000475,1285.1107146668996,128.51107146668997,10,99.62145240583997,31,10
CUST_000476,1154.9454636683727,192.49091061139544,6,81.93366799534132,57,6
CUST_000477,1590.8269690343109,265.1378281723851,6,12.393588730164703,99,6
CUST_000478,450.6834075162861,112.67085187907152,4,68.91310132796619,1,4
CUST_000479,836.8111560377394,104.60139450471742,8,101.40446923200517,8,8
CUST_000480,468.3184690237804,156.10615634126012,3,67.4157748096282,4,3
CUST_000481,492.59470787209136,98.51894157441828,5,39.66390123311252,63,5
CUST_000482,969.4611279022206,193.89222558044412,5,41.38777825187831,74,5
CUST_000483,1028.4887226421633,205.69774452843268,5,78.13785209561209,135,5
CUST_000484,1134.9889429944628,189.16482383241046,6,68.49045056578676,32,6
CUST_000485,1198.799742569503,239.7599485139006,5,21.848221455826778,28,5
CUST_000486,402.29752466339806,100.57438116584952,4,77.88734532434643,122,4
CUST_000487,625.6326216033085,156.40815540082713,4,107.3063547050975,112,4
CUST_000488,317.299137179534,79.3247842948835,4,48.64925101947335,76,4
CUST_000489,1486.9499352641487,148.69499352641486,10,81.25744628937417,3,10
CUST_000491,1104.3642581542395,220.8728516308479,5,70.78091742152476,167,5
CUST_000492,1119.3483573564401,124.37203970627112,9,42.800915984401605,14,8
CUST_000493,1003.7215399728663,143.38879142469517,7,103.3854821946626,9,7
CUST_000494,260.5630760216176,130.2815380108088,2,82.21450880683724,18,2
CUST_000495,586.3305880063101,195.4435293354367,3,69.29351378826907,17,3
CUST_000496,977.2834186535772,162.8805697755962,6,83.94836439300589,77,6
CUST_000497,1072.1971531913541,119.13301702126157,9,71.6371660060513,2,9
CUST_000498,613.8027620247448,122.76055240494895,5,103.2026060237207,86,5
CUST_000499,30.33179538912414,30.33179538912414,1,0.0,96,1
CUST_000500,313.4971198985286,156.7485599492643,2,171.67007537900122,44,2
CUST_000501,1896.0340528536644,189.60340528536645,10,88.96851929729561,36,10
CUST_000502,823.2782190512745,117.61117415018207,7,94.42819672653754,70,7
CUST_000503,784.5689137032364,130.76148561720606,6,119.2572705952482,3,6
CUST_000504,670.2809119597342,223.42697065324475,3,65.23011502203104,16,3
CUST_000505,1470.1081309770693,183.76351637213367,8,88.68306976680871,15,8
CUST_000506,216.45268444534724,108.22634222267362,2,55.219905709739685,78,2
CUST_000507,372.8946964427605,124.29823214758683,3,148.75790576858572,245,3
CUST_000508,1338.0513816480307,148.67237573867007,9,84.92314580278922,1,9
CUST_000509,457.97175640481646,152.65725213493883,3,58.99410896658882,101,3
CUST_000510,698.6911154446382,116.44851924077302,6,104.97560860666165,25,6
CUST_000511,309.39785339780485,103.13261779926829,3,100.61959335990828,87,3
CUST_000512,148.50377765560017,74.25188882780009,2,12.11581655703956,4,2
CUST_000513,1166.8513108152986,194.47521846921643,6,96.82948572764225,137,6
CUST_000514,420.88622215752827,140.29540738584276,3,59.51003278060359,91,3
CUST_000515,1038.809878380625,148.40141119723214,7,116.4770896056826,30,7
CUST_000516,370.75595954373915,185.37797977186958,2,162.06918538873128,178,2
CUST_000517,463.8658912410308,154.62196374701026,3,129.67979268698662,99,3
CUST_000518,543.1129807004979,271.55649035024896,2,1.0279337450348318,186,2
CUST_000519,775.2880003560444,155.0576000712089,5,67.79531171246637,77,5
CUST_000521,916.9436568141615,152.82394280236025,6,54.83145851394602,13,6
CUST_000522,219.5562559670956,109.7781279835478,2,35.3869699317577,68,2
CUST_000523,559.597610555918,186.53253685197265,3,77.98424163749057,181,3
CUST_000524,1183.1633316212299,169.02333308874714,7,96.425971658052,64,7
CUST_000525,613.1747194870914,153.29367987177284,4,85.032846639429,74,4
CUST_000526,622.8960292778909,124.57920585557818,5,83.84207830830239,52,5
CUST_000527,1477.067699470262,211.00967135289457,7,42.44372138424569,22,7
CUST_000529,765.95805211468,191.48951302867,4,97.73530178465225,81,4
CUST_000530,615.0790005107398,153.76975012768494,4,107.79987985268507,105,4
CUST_000531,23.031281211290608,23.031281211290608,1,0.0,28,1
CUST_000532,1231.9644679802907,175.99492399718437,7,109.28803385453628,24,7
CUST_000533,81.51905258029545,81.51905258029545,1,0.0,95,1
CUST_000534,843.9695332724896,140.66158887874826,6,100.62388373549503,144,5
CUST_000535,398.9799814498062,132.9933271499354,3,73.28521385866901,15,3
CUST_000536,358.1870716798528,119.39569055995094,3,39.48787146609446,130,3
CUST_000537,1502.384136385135,150.2384136385135,10,93.89169067664426,22,10
CUST_000538,837.2866740333375,167.4573348066675,5,110.64414937239059,37,5
CUST_000539,576.2546933536846,192.08489778456155,3,124.97463866520798,48,3
CUST_000540,1111.9508350916844,101.08643955378949,11,74.68775911596337,2,11
CUST_000541,892.1523152648822,148.69205254414703,6,83.29152630593838,40,6
CUST_000542,708.212129471461,118.03535491191018,6,105.95668289608362,7,6
CUST_000543,491.9544421343976,122.9886105335994,4,66.22933895073007,32,4
CUST_000544,810.2243631354334,135.03739385590555,6,73.12381508466264,181,6
CUST_000545,902.0335084837038,225.50837712092596,4,33.616223955917555,28,4
CUST_000546,354.515363325732,177.257681662866,2,99.06790222747276,35,2
CUST_000547,291.89220731122083,291.89220731122083,1,0.0,81,1
CUST_000548,201.65660119520982,67.21886706506994,3,44.654102660071985,22,3
CUST_000549,1498.931084625058,166.5478982916731,9,101.30074273932864,14,9
CUST_000550,1051.6073320184548,175.26788866974246,6,63.45071096239191,65,6
CUST_000551,590.8076386047658,196.93587953492192,3,22.928750122675527,80,3
CUST_000552,456.6363128018461,114.15907820046152,4,73.29938533087656,58,4
CUST_000553,521.0872220334746,104.21744440669492,5,66.09025228726126,44,5
CUST_000554,655.1126454445109,109.18544090741848,6,84.38528937488783,102,6
CUST_000555,874.9393797485517,124.99133996407882,7,83.43536164434016,50,6
CUST_000556,1233.3563442084876,154.16954302606095,8,89.52717526296576,20,8
CUST_000557,486.18430313066847,121.54607578266712,4,64.01006617032282,215,4
CUST_000558,795.2687535760315,198.81718839400787,4,73.99954313991181,21,4
CUST_000559,1906.4698417016489,190.6469841701649,10,68.66607570982502,32,10
CUST_000560,638.2247184848766,159.55617962121914,4,86.10210842346854,64,4
CUST_000561,295.74985466259506,147.87492733129753,2,35.178155165806835,81,2
CUST_000562,630.1056308733816,157.5264077183454,4,51.490329603989565,103,4
CUST_000563,420.0952394416907,140.03174648056356,3,74.33021202432889,7,3
CUST_000564,1321.0688375040377,146.78542638933752,9,64.33882824525449,37,9
CUST_000565,1617.5687037891337,202.1960879736417,8,79.03209730653917,10,8
CUST_000566,496.34194268584065,165.44731422861355,3,121.8022340171083,55,3
CUST_000567,1325.718994410554,147.30211049006155,9,72.70844574372525,8,8
CUST_000568,650.9019137146225,162.72547842865563,4,114.1146920475995,42,4
CUST_000569,902.9865129393902,180.59730258787803,5,90.3154391006937,41,5
CUST_000570,549.7896151292618,183.26320504308728,3,89.08943303159178,206,3
CUST_000571,487.3522617110521,162.45075390368405,3,89.0171346389387,4,3
CUST_000572,785.725857966808,196.431464491702,4,34.82125765473638,39,4
CUST_000573,1227.844586473821,175.40636949626014,7,52.8339105912562,102,7
CUST_000574,1090.4518719245377,181.74197865408962,6,55.127381667774856,14,6
CUST_000575,634.227779193437,105.70462986557283,6,73.32321240628903,33,6
CUST_000576,254.6043755516145,63.65109388790363,4,39.0079758222849,21,4
CUST_000577,807.1182876823508,115.30261252605011,7,91.40458265070167,15,7
CUST_000578,656.8094384439273,131.36188768878546,5,60.08045088946353,14,5
CUST_000579,550.1979431577902,110.03958863155803,5,76.78666869899456,106,5
CUST_000580,1966.07964970741,178.73451360976455,11,68.68588668917145,1,11
CUST_000581,735.0720978010113,183.76802445025282,4,73.29438933159996,67,4
CUST_000582,819.0458879559418,163.80917759118836,5,47.099343362331005,98,5
CUST_000583,1906.0931776163163,190.60931776163164,10,49.039277259171016,14,10
CUST_000584,897.8050496149635,224.45126240374088,4,90.77307510895363,28,4
CUST_000585,430.2149091672865,215.10745458364326,2,82.81799365291121,186,2
CUST_000586,492.28343198834386,164.09447732944795,3,50.904038389665686,65,3
CUST_000587,473.7933027632097,157.93110092106988,3,133.82293427097773,31,3
CUST_000588,1611.8390617365849,161.1839061736585,10,103.2885420883451,14,10
CUST_000589,1469.2410159905933,183.65512699882416,8,89.59962909298136,29,8
CUST_000590,896.0849964090246,224.02124910225615,4,28.69903235754348,4,4
CUST_000591,763.6629326511442,127.27715544185736,6,102.10998201166646,32,6
CUST_000592,707.1023081548719,117.85038469247866,6,70.84220160796954,18,6
CUST_000593,948.5258949601838,135.50369928002627,7,79.45565819946475,28,7
CUST_000594,489.89862771317223,244.94931385658612,2,42.77063338034671,186,2
CUST_000595,1393.1090565630154,232.18484276050256,6,27.50488837516501,48,6
CUST_000596,952.3007651303183,158.7167941883864,6,50.452117938885124,46,6
CUST_000597,1433.3224956482327,159.25805507202585,9,86.7366290698191,27,9
CUST_000598,1825.9605204069335,182.59605204069334,10,86.92765726454132,53,10
CUST_000599,1049.4751601398389,131.18439501747986,8,72.98037349585701,68,8
CUST_000600,450.09908698239786,225.04954349119893,2,40.045204903892504,24,2
CUST_000601,838.7399004277787,167.74798008555575,5,103.90576937577471,7,5
CUST_000602,1302.5623854736725,217.09373091227874,6,28.567273301951253,28,6
CUST_000603,348.3294092884795,174.16470464423975,2,41.19808799345204,151,2
CUST_000604,621.592219168128,103.59870319468801,6,81.37679603216407,162,6
CUST_000605,1070.9162621530643,178.4860436921774,6,67.38598523770193,13,6
CUST_000606,262.42345196191377,87.4744839873046,3,76.94202525094555,76,3
CUST_000607,773.701705833021,96.71271322912763,8,57.92432434364745,116,8
CUST_000608,1430.0454248348171,178.75567810435214,8,61.3714639574818,6,8
CUST_000609,1083.454062571684,154.77915179595487,7,79.38425234944789,41,7
CUST_000610,490.67863409606014,163.55954469868672,3,65.84684432749505,121,3
CUST_000611,588.2879838526177,196.09599461753922,3,115.66185114535926,167,3
CUST_000612,624.5152069707655,156.12880174269137,4,91.37228065414311,54,4
CUST_000613,684.3225479758725,136.8645095951745,5,71.1865007470164,56,5
CUST_000614,1144.921753356639,190.82029222610652,6,56.7098467840457,29,6
CUST_000615,1717.6750913337453,190.8527879259717,9,74.56287940864205,30,9
CUST_000616,1347.838083671965,149.75978707466277,9,55.62268840152609,12,9
CUST_000617,672.1738163283136,112.02896938805226,6,65.73671397509645,99,6
CUST_000618,1130.2936829041337,188.3822804840223,6,86.34087266265274,88,6
CUST_000619,1652.9013571469147,206.61266964336434,8,64.46403691486663,13,7
CUST_000620,809.1108935207727,134.85181558679545,6,86.61582289229958,10,6
CUST_000621,535.1371420163509,133.78428550408773,4,41.14387188198649,147,4
CUST_000622,1523.0800980708195,217.5828711529742,7,76.57234014386847,42,7
CUST_000623,956.6391843983029,239.15979609957571,4,54.72095056707005,17,4
CUST_000624,587.4219287138181,83.9174183876883,7,59.16502370631452,107,7
CUST_000625,903.6101628451167,180.72203256902336,5,111.58150554992879,14,5
CUST_000626,209.9649205825704,209.9649205825704,1,0.0,163,1
CUST_000627,1561.660487672917,156.1660487672917,10,74.55317016177763,2,10
CUST_000628,462.56140960986215,231.28070480493108,2,12.63134501861234,209,2
CUST_000629,519.6805615112878,129.92014037782195,4,112.62103781043326,49,4
CUST_000630,928.5413370742101,132.64876243917288,7,87.66378144348595,56,7
CUST_000631,464.01080559911344,154.6702685330378,3,78.68725157390482,44,3
CUST_000632,358.652671124781,89.66316778119526,4,94.392631836172,69,4
CUST_000633,417.00079631785957,139.00026543928652,3,100.59802984637672,107,3
CUST_000634,872.7686616017112,174.55373232034225,5,95.1881632383052,86,5
CUST_000635,1029.115740469516,171.51929007825265,6,98.00815603307949,39,6
CUST_000636,1098.7359991567587,156.96228559382266,7,109.78292104880153,93,7
CUST_000637,458.5582635161526,114.63956587903814,4,108.63901896963026,47,4
CUST_000638,652.9857999594167,163.24644998985417,4,35.69467691403467,12,4
CUST_000639,1608.983895038797,201.12298687984963,8,95.83638518911718,61,8
CUST_000640,898.7767893185886,149.7961315530981,6,95.82180021165779,37,6
CUST_000641,1079.6393073097622,215.92786146195243,5,108.8275521541957,47,5
CUST_000642,632.7857557949501,126.55715115899002,5,56.86220025016999,1,5
CUST_000643,292.22272980075616,146.11136490037808,2,30.804995797564285,227,2
CUST_000644,1160.9019973030358,193.48366621717264,6,98.93761684605417,31,6
CUST_000645,1421.6632636932363,203.09475195617662,7,94.24788955864419,100,7
CUST_000646,1542.1424049836214,154.21424049836213,10,82.69541057719111,58,10
CUST_000647,903.7708256957085,180.7541651391417,5,53.31065989490158,109,5
CUST_000648,1202.2739146763001,200.37898577938336,6,92.08886856889264,19,6
CUST_000649,806.2607551629064,161.25215103258128,5,107.91882599053699,48,5
CUST_000650,1338.2835857282025,167.28544821602532,8,90.21166454806729,3,8
CUST_000651,554.9130529482426,79.27329327832037,7,53.82501244151353,16,7
CUST_000652,164.94015686629723,82.47007843314861,2,94.62493656672495,262,2
CUST_000653,802.9270324021195,160.5854064804239,5,91.00077299368442,7,5
CUST_000654,1167.7952637378341,194.63254395630568,6,94.31192362836275,79,6
CUST_000655,959.6233251229626,159.93722085382709,6,67.29266659245157,46,6
CUST_000656,1891.4215851467418,189.14215851467418,10,90.77811314250515,45,10
CUST_000657,978.7392455329546,139.81989221899352,7,111.42643228473845,28,7
CUST_000658,835.7445886719058,139.29076477865098,6,82.67714845099958,49,6
CUST_000659,114.91313142801471,57.456565714007354,2,15.609744131627554,35,2
CUST_000660,988.7493789533443,123.59367236916803,8,78.39373040746256,28,8
CUST_000661,815.9324086040483,203.98310215101208,4,63.93677547094161,62,4
CUST_000662,548.0910768261937,78.29872526088481,7,39.24569232735602,84,7
CUST_000663,609.710177980883,152.42754449522076,4,96.39614466802651,12,4
CUST_000664,873.1414662371867,218.28536655929668,4,59.08022776277209,5,4
CUST_000665,1142.7660013182756,190.4610002197126,6,73.87560324151394,4,6
CUST_000666,358.5666065101958,179.2833032550979,2,42.447134078016624,115,2
CUST_000667,510.6373679068671,85.10622798447785,6,75.18543157008163,4,6
CUST_000668,263.53659329368924,131.76829664684462,2,87.84253348470232,329,2
CUST_000669,1248.4779302157785,178.3539900308255,7,90.90429586821769,6,7
CUST_000670,695.0435227525875,231.68117425086248,3,60.04951414775374,250,3
CUST_000671,258.10561374872134,129.05280687436067,2,101.66866286046364,111,2
CUST_000672,230.94806936947035,230.94806936947035,1,0.0,96,1
CUST_000673,335.35105527305456,111.78368509101819,3,55.24264500554149,44,3
CUST_000674,871.5933296769712,174.31866593539422,5,75.90134224252924,81,5
CUST_000675,604.5952265978485,120.9190453195697,5,90.80773335957954,61,5
CUST_000676,1122.222374010415,160.31748200148786,7,96.41355093982234,30,7
CUST_000677,790.9964767482378,112.99949667831969,7,72.91953553794872,111,7
CUST_000678,275.3157297059653,91.77190990198842,3,100.10252152780737,6,3
CUST_000679,771.5745631728443,128.59576052880738,6,62.59142098906485,52,6
CUST_000680,623.5822886934236,155.8955721733559,4,100.93650408758485,24,4
CUST_000681,394.5399935228797,131.51333117429323,3,99.30132773706192,1,3
CUST_000682,905.5853310525542,150.93088850875904,6,93.26981959210302,125,6
CUST_000683,1001.9783739259146,143.1397677037021,7,97.34832159291793,6,7
CUST_000684,1153.2117939811978,192.20196566353297,6,71.83736707334421,15,6
CUST_000685,532.1526559886544,177.3842186628848,3,63.138998217297456,85,3
CUST_000686,1468.558258230807,183.56978227885088,8,97.49804915013682,6,8
CUST_000687,271.09840644972996,135.54920322486498,2,123.96167415893322,31,2
CUST_000688,381.56687088545056,127.18895696181686,3,50.50882331762964,217,3
CUST_000689,536.3199126374864,178.77330421249545,3,90.49492269221243,103,3
CUST_000690,1080.4077376511245,154.34396252158922,7,47.94798788554097,62,7
CUST_000691,1336.6661141620095,222.77768569366825,6,85.24449989327495,37,6
CUST_000692,471.0797090088716,117.7699272522179,4,42.940916255702895,71,4
CUST_000693,543.3777121500589,77.6253874500084,7,54.69907649658719,82,7
CUST_000694,1329.5966632561053,265.91933265122105,5,39.56487624761508,26,5
CUST_000695,797.0494427917964,113.86420611311378,7,87.26398843213902,31,7
CUST_000696,391.12897147269604,130.376323824232,3,149.6680435878403,61,3
CUST_000697,879.3283587045712,175.86567174091425,5,85.28537971870006,5,5
CUST_000698,1286.9743576247001,160.87179470308752,8,59.730677508423106,10,8
CUST_000699,962.0821282732163,137.4403040390309,7,94.72786553600426,21,7
CUST_000700,596.3295979669033,198.77653265563444,3,22.130433412354787,229,3
CUST_000701,1435.1209562958486,130.4655414814408,11,66.92830349160583,22,11
CUST_000702,975.7155693838868,121.96444617298584,8,79.03232559694649,119,8
CUST_000703,586.7684353114685,117.35368706229369,5,75.34916072446946,19,5
CUST_000704,934.7059657278983,155.78432762131638,6,51.199867279401744,67,6
CUST_000705,783.8613937588837,130.6435656264806,6,72.77252955421014,0,6
CUST_000706,384.58457842373633,192.29228921186817,2,111.6354360679489,39,2
CUST_000707,1329.742157595496,147.74912862172178,9,93.41110405724524,21,9
CUST_000708,332.6210747574396,110.8736915858132,3,71.83189116812079,40,3
CUST_000709,541.7590888911442,90.29318148185736,6,39.81972478905608,11,6
CUST_000710,1244.9850530637405,155.62313163296756,8,92.67317514248056,6,8
CUST_000711,381.98891787836726,127.32963929278908,3,55.27330707756182,75,3
CUST_000712,469.23862377658895,156.41287459219632,3,108.54629488468073,125,3
CUST_000713,1012.1454193617525,253.03635484043812,4,39.73078407092159,59,4
CUST_000714,318.96177242879736,106.32059080959912,3,93.08326259282667,90,3
CUST_000715,1301.5750023660692,185.93928605229559,7,80.43094921117543,142,7
CUST_000716,721.9736070036287,90.24670087545358,8,77.38181525807376,3,8
CUST_000717,893.8826061661008,111.7353257707626,8,87.32042973555389,109,8
CUST_000718,324.7299798063239,81.18249495158098,4,76.03032342596327,183,4
CUST_000719,695.6479637681729,173.91199094204322,4,94.07272614922617,55,4
CUST_000720,304.2381978614735,101.41273262049117,3,71.0247939758667,69,3
CUST_000721,352.6860535013233,117.56201783377442,3,101.36117902442396,57,3
CUST_000722,985.7628907072535,123.22036133840669,8,68.4738702249297,57,8
CUST_000723,387.67576038924653,193.83788019462327,2,29.15699856221471,238,2
CUST_000724,717.2519844500034,179.31299611250085,4,68.27722880914445,22,4
CUST_000725,871.5957798133277,124.51368283047539,7,94.48264447037475,81,7
CUST_000726,205.75707754358342,102.87853877179171,2,75.27728490195858,335,2
CUST_000727,1212.447590858439,134.716398984271,9,84.18911544159712,43,9
CUST_000728,476.907700075661,158.96923335855368,3,112.58495407647736,211,3
CUST_000729,996.5900962550937,166.09834937584895,6,85.37602652930407,2,6
CUST_000730,1113.6850024777254,222.7370004955451,5,85.77921242547087,30,4
CUST_000731,700.0860355254082,140.01720710508164,5,102.93946662025071,11,5
CUST_000732,556.4556858253094,139.11392145632735,4,87.13983562950608,265,4
CUST_000733,290.31834775662213,290.31834775662213,1,0.0,140,1
CUST_000734,595.8113852821302,148.95284632053256,4,92.80865826209583,33,4
CUST_000735,1328.991496681799,166.12393708522487,8,60.89584585343236,179,8
CUST_000736,789.0902345048443,157.81804690096885,5,104.6747126442779,12,5
CUST_000737,745.4796138290145,149.0959227658029,5,71.8367483402832,200,5
CUST_000738,1021.7385000821964,145.9626428688852,7,98.97213309848605,9,7
CUST_000739,852.3258884293433,170.46517768586867,5,86.87207643881446,62,5
CUST_000740,1096.2380420767124,182.70634034611874,6,84.99097546653314,109,6
CUST_000741,662.2776446327857,132.45552892655715,5,127.45747302040964,35,5
CUST_000742,1290.2729862562614,161.28412328203268,8,91.36308644617144,14,8
CUST_000743,701.7737552839744,116.96229254732907,6,64.2738731205571,18,6
CUST_000744,158.02820991770693,79.01410495885347,2,36.16046923331051,119,2
CUST_000745,469.11519539314975,156.3717317977166,3,36.945649203765335,204,3
CUST_000746,1229.3708338489728,153.6713542311216,8,102.43354552502808,49,8
CUST_000747,401.7076456561691,200.85382282808456,2,24.702338808885887,261,2
CUST_000748,1312.4519881081605,131.24519881081605,10,84.15987294655358,22,10
CUST_000749,97.3122497239542,48.6561248619771,2,39.42161505056442,33,2
CUST_000750,676.1005500679407,169.02513751698518,4,127.34949796999217,16,4
CUST_000751,643.3706115850708,91.91008736929584,7,57.10028111636963,9,7
CUST_000752,754.3453754184211,150.8690750836842,5,94.76161566582883,72,5
CUST_000753,831.6684626308603,138.61141043847672,6,86.87963805937306,29,6
CUST_000754,846.9517685461418,211.73794213653545,4,68.24065278112853,51,4
CUST_000755,1279.290790129356,142.143421125484,9,70.77904334803321,58,9
CUST_000756,667.9431835664773,133.58863671329544,5,98.67350633291655,27,5
CUST_000757,1039.6933332766296,129.9616666595787,8,89.96891956870476,50,8
CUST_000758,549.1835017427804,183.0611672475935,3,89.88656486031563,12,3
CUST_000759,635.3798909051036,158.8449727262759,4,40.86023255694633,193,4
CUST_000760,343.29917715698286,114.43305905232762,3,29.08987731311337,89,3
CUST_000761,561.786025599316,187.26200853310533,3,132.25415024868377,32,3
CUST_000762,1746.4188168518394,194.04653520575994,9,88.70881196668469,35,9
CUST_000763,818.5261849379333,204.63154623448332,4,31.19900844869645,75,4
CUST_000764,318.7799968749051,63.75599937498102,5,43.580905479532696,186,5
CUST_000765,875.8903370951494,145.98172284919158,6,82.86241004092771,77,6
CUST_000766,1021.4382083152618,170.23970138587697,6,37.15443948136284,7,6
CUST_000767,416.79644777068313,83.35928955413662,5,87.64638607532804,130,5
CUST_000768,311.14207808310795,103.71402602770264,3,71.62702814729371,73,3
CUST_000769,126.19535691280241,63.097678456401205,2,17.037832232105377,133,2
CUST_000770,528.8516669512056,132.2129167378014,4,98.4645758760268,56,4
CUST_000771,451.9039710262057,150.63465700873522,3,56.862894136942,9,3
CUST_000772,640.5591547164657,213.51971823882192,3,121.76513366930727,127,3
CUST_000773,531.6913778304586,132.92284445761464,4,91.87867961946677,106,4
CUST_000774,1608.2767431912282,268.0461238652047,6,22.82346749306925,130,6
CUST_000775,981.7914470856881,196.35828941713763,5,64.42659115687792,1,5
CUST_000776,822.4509505776657,164.49019011553315,5,55.57848519190523,75,5
CUST_000777,357.2159001612896,178.6079500806448,2,39.48441393340561,270,2
CUST_000778,476.1595298770278,238.0797649385139,2,52.765995982704155,65,2
CUST_000779,595.1515576281287,198.38385254270955,3,88.76659122585983,337,3
CUST_000780,618.753784258315,154.68844606457876,4,85.88466647515996,78,4
CUST_000781,545.3280661645879,136.33201654114697,4,40.710925749182636,184,4
CUST_000782,887.0037486908786,177.40074973817573,5,84.27688077835892,45,5
CUST_000783,587.2462652921606,195.74875509738686,3,94.74969541761689,134,3
CUST_000784,190.20225505953238,47.550563764883094,4,21.603140600170153,57,4
CUST_000785,1323.8736082415385,165.4842010301923,8,78.96317680972767,81,8
CUST_000786,1014.0784303264619,144.86834718949456,7,71.55226471087455,14,7
CUST_000787,108.50674694147538,108.50674694147538,1,0.0,299,1
CUST_000788,480.3980695831868,120.0995173957967,4,104.11561523598945,112,4
CUST_000789,1065.8987845797906,152.27125493997008,7,84.39399393520405,72,7
CUST_000790,1703.448028199304,154.85891165448217,11,81.19427249612876,11,11
CUST_000791,1061.3170277178217,151.6167182454031,7,103.7746351037091,0,7
CUST_000792,858.8849793318025,171.7769958663605,5,95.67022189908214,72,5
CUST_000793,1583.7193029022874,143.97448208202613,11,63.639751022785994,18,11
CUST_000794,1171.1778928154088,167.31112754505838,7,68.29704813435788,16,7
CUST_000795,741.5637421122601,123.59395701871001,6,58.33690915091625,43,6
CUST_000796,1553.3966191408754,155.33966191408754,10,76.16807286098846,8,10
CUST_000797,320.66540965793024,106.88846988597675,3,60.23346855925968,19,3
CUST_000798,537.5634592132758,89.5939098688793,6,75.34933162125027,33,6
CUST_000799,983.6022306693842,140.5146043813406,7,101.88330653482735,82,7
CUST_000800,382.37804774498386,127.45934924832795,3,42.13080359450152,15,3
CUST_000801,566.4037033847927,188.80123446159757,3,139.50723674129054,8,3
CUST_000802,398.4130655116726,199.2065327558363,2,74.13902842251112,202,2
CUST_000803,587.0706788204643,146.76766970511608,4,69.20426457760092,123,4
CUST_000804,576.1998431335891,144.04996078339727,4,94.75033230918794,235,4
CUST_000805,843.3541946520511,120.47917066457873,7,72.98117673471289,38,7
CUST_000806,413.18191527651175,206.59095763825587,2,71.67549245701862,187,2
CUST_000807,593.7331554220209,148.43328885550523,4,71.91028365982571,40,4
CUST_000808,1051.191033485842,210.23820669716838,5,93.3197904760575,118,5
CUST_000809,373.3275121461312,186.6637560730656,2,21.5271751594224,9,2
CUST_000810,258.48225141972114,258.48225141972114,1,0.0,176,1
CUST_000811,1373.318614622301,152.59095718025569,9,120.53060252029184,6,9
CUST_000812,1247.2464440448762,207.8744073408127,6,70.8311476654145,31,6
CUST_000813,258.40585168420733,258.40585168420733,1,0.0,74,1
CUST_000814,407.1484740859688,203.5742370429844,2,88.30517015234224,299,2
CUST_000815,577.8850715515683,115.57701431031367,5,46.038476173536274,77,5
CUST_000816,100.04579823935016,100.04579823935016,1,0.0,256,1
CUST_000817,695.9570058184713,173.98925145461783,4,89.26040845096422,41,4
CUST_000818,1061.1488098366874,132.64360122958593,8,98.77673046238606,9,8
CUST_000819,1022.0929324733027,204.41858649466053,5,42.81431924237186,25,5
CUST_000820,672.4643097010838,168.11607742527096,4,97.33668894090341,3,4
CUST_000821,1072.7052593793321,153.24360848276174,7,80.97118758333455,0,7
CUST_000822,404.11052862057306,134.70350954019102,3,71.26898448114233,187,3
CUST_000823,431.1678043285383,86.23356086570766,5,94.00260143305535,43,5
CUST_000824,2167.9872343066836,180.6656028588903,12,82.48741150447658,9,12
CUST_000825,953.5844144058367,190.71688288116735,5,72.70781148992045,77,5
CUST_000826,1329.150441944944,189.87863456356345,7,67.86569360839025,10,7
CUST_000827,890.7740219646156,148.4623369941026,6,81.12681349515539,47,6
CUST_000828,23.54236718668279,23.54236718668279,1,0.0,232,1
CUST_000829,733.3909564132771,146.6781912826554,5,45.45734227975119,59,5
CUST_000830,572.0445622986015,143.01114057465037,4,102.21061327694348,65,4
CUST_000831,1470.5542021905928,183.8192752738241,8,69.47990177226151,21,7
CUST_000832,770.2127991180082,154.04255982360164,5,100.4644263168878,44,5
CUST_000833,1547.8858229123348,193.48572786404185,8,41.96784571350209,94,8
CUST_000834,617.4077594249534,102.90129323749223,6,85.10405720954314,85,6
CUST_000835,491.3076007314357,122.82690018285892,4,79.72645191516517,59,4
CUST_000836,355.49632221320854,118.49877407106952,3,84.1909348788246,210,3
CUST_000837,766.701622224782,127.78360370413033,6,75.2272649013029,7,6
CUST_000838,891.1990136548075,148.5331689424679,6,94.8333202268253,0,6
CUST_000839,888.9559677637695,177.7911935527539,5,94.0220148108751,41,5
CUST_000840,751.4384943994485,187.85962359986212,4,72.60318708695486,45,3
CUST_000841,157.18154171506256,39.29538542876564,4,35.589893951877684,27,4
CUST_000842,860.9754554092376,143.49590923487293,6,88.32694104287381,46,6
CUST_000843,286.58536078033734,143.29268039016867,2,148.31014617285743,64,2
CUST_000844,1009.3167607495911,126.16459509369889,8,101.18231885853564,18,8
CUST_000845,1134.1755848604555,189.02926414340925,6,98.71218133533455,22,6
CUST_000846,856.2179933905785,142.70299889842974,6,56.4252086950965,47,6
CUST_000847,1104.7646907878848,157.8235272554121,7,89.08909621971675,91,7
CUST_000848,405.0817024235299,81.01634048470598,5,60.6374094983056,58,5
CUST_000849,1188.765422843211,118.87654228432109,10,87.04969972906986,11,10
CUST_000850,679.0474890933028,135.80949781866056,5,56.95471780395632,86,5
CUST_000851,1001.6022569106524,166.93370948510872,6,82.86149618833686,23,5
CUST_000852,833.580580384405,83.3580580384405,10,62.60632727598331,59,10
CUST_000853,482.10706063217015,120.52676515804254,4,95.8165396928098,198,4
CUST_000854,1184.2708173214082,148.03385216517603,8,95.01009690106497,39,8
CUST_000855,803.3127105056732,133.88545175094552,6,88.8349019806866,57,6
CUST_000856,856.3747220276349,171.27494440552698,5,138.32969111859913,79,5
CUST_000857,1526.6708383665118,152.6670838366512,10,99.3366821076679,8,10
CUST_000858,1167.1447168357158,145.89308960446448,8,75.92175064818886,32,8
CUST_000859,936.7472511914932,187.34945023829863,5,117.46666589052298,43,5
CUST_000860,1236.4051898814532,137.37835443127258,9,86.67831220782958,37,9
CUST_000861,680.5473566948799,170.13683917371998,4,86.27778199990496,25,4
CUST_000862,1190.609141535952,170.0870202194217,7,99.44255371998288,2,7
CUST_000863,975.0562960822015,139.29375658317164,7,97.06727398968414,41,7
CUST_000864,729.2604917338477,145.85209834676954,5,87.50370547022564,1,5
CUST_000865,732.0282420432858,146.40564840865716,5,101.0952401247723,9,5
CUST_000866,761.0324093929378,152.20648187858757,5,102.16019540512964,189,5
CUST_000867,1424.5701203218987,178.07126504023734,8,77.61364156213122,62,8
CUST_000868,1197.1042020395296,108.82765473086633,11,64.66590820199714,47,10
CUST_000869,1313.4223128510978,145.93581253901087,9,74.76251034723882,26,9
CUST_000870,963.6566919780021,137.66524171114315,7,60.69036392948551,54,7
CUST_000871,1032.809977377291,206.56199547545822,5,75.20537369124594,50,5
CUST_000872,635.8452497812741,158.96131244531853,4,65.44683710393696,78,4
CUST_000873,438.63040124512867,109.65760031128217,4,108.9921485773119,20,4
CUST_000874,461.3213406006502,153.77378020021675,3,121.66378936482158,72,3
CUST_000875,1249.6878942465075,208.28131570775125,6,91.68565934284128,37,6
CUST_000876,974.3984086475897,162.39973477459827,6,112.6508707237644,82,6
CUST_000877,754.2075425838361,150.84150851676722,5,99.09911251214274,17,5
CUST_000878,482.8554843913989,160.95182813046628,3,123.84649907569465,59,3
CUST_000879,467.97027345894276,93.59405469178856,5,52.08938478829382,167,5
CUST_000880,301.68882293427635,100.56294097809212,3,127.96278195238526,27,3
CUST_000881,1304.1642153985822,217.36070256643038,6,88.40423998173402,46,6
CUST_000882,526.7977690854045,131.69944227135113,4,37.23663298788549,77,4
CUST_000883,412.744374411954,137.581458137318,3,107.67387110760387,132,3
CUST_000884,651.3958499809944,130.27916999619887,5,100.03981859347904,22,5
CUST_000885,845.7355705350853,169.14711410701707,5,74.50397826173531,34,5
CUST_000886,865.5002839080025,173.1000567816005,5,106.16180109740783,51,5
CUST_000887,990.4013049660291,141.48590070943274,7,80.86046948380262,28,7
CUST_000888,492.8142544244272,164.27141814147572,3,36.33447166803558,87,3
CUST_000889,132.60353834517718,66.30176917258859,2,36.049030209612965,18,2
CUST_000890,431.5854548097392,215.7927274048696,2,29.375745990304143,88,2
CUST_000891,1040.5598748417246,208.11197496834492,5,98.98084752810098,156,5
CUST_000892,684.6728056198843,136.93456112397686,5,116.67283133676844,69,5
CUST_000893,60.505440794664935,60.505440794664935,1,0.0,361,1
CUST_000894,435.0292974269055,145.0097658089685,3,112.72554545781674,275,3
CUST_000895,265.93578375637077,132.96789187818538,2,25.584179519354716,16,2
CUST_000896,749.0727279994795,149.8145455998959,5,90.28104851960454,157,5
CUST_000897,651.3414111286005,162.83535278215012,4,98.35666631532251,20,4
CUST_000898,589.1297022718405,196.37656742394685,3,56.917371980081235,177,3
CUST_000900,1106.5112021452017,158.07302887788595,7,95.70514375646322,44,7
CUST_000901,1246.5666448423515,178.08094926319308,7,76.08661332921811,82,7
CUST_000902,615.605285735302,123.1210571470604,5,77.89944344061391,23,5
CUST_000903,823.617243220241,137.26954053670684,6,99.80627970848153,51,6
CUST_000904,885.2723620646367,177.05447241292734,5,50.314526682880995,2,5
CUST_000905,627.9385913085752,156.9846478271438,4,85.98472438361814,216,4
CUST_000906,749.5628201877505,124.92713669795842,6,48.99423212936015,49,6
CUST_000907,199.64009440496488,199.64009440496488,1,0.0,209,1
CUST_000908,639.3782994081981,127.87565988163962,5,121.20285743680515,124,5
CUST_000909,471.111291746998,117.7778229367495,4,110.23232264667678,17,4
CUST_000910,956.8043360682761,239.20108401706904,4,85.3130684155768,2,4
CUST_000911,734.9262856488464,146.98525712976928,5,90.31550431499534,14,5
CUST_000912,325.4552601424317,108.4850867141439,3,47.1763337108708,38,3
CUST_000913,574.05984317118,143.514960792795,4,84.72551199904662,36,4
CUST_000914,323.52161201229285,161.76080600614642,2,34.641078040218446,279,2
CUST_000915,1027.2638070040973,114.14042300045526,9,59.64498964067354,26,9
CUST_000916,859.2699014093886,122.75284305848409,7,72.18212699533422,2,7
CUST_000917,138.56289302408263,138.56289302408263,1,0.0,253,1
CUST_000918,359.32619322459067,71.86523864491814,5,64.34073620570312,58,5
CUST_000919,552.9044620868017,138.22611552170042,4,105.4176174536426,152,4
CUST_000920,754.9303814496096,251.6434604832032,3,48.533869343241655,53,3
CUST_000921,71.39716792291154,71.39716792291154,1,0.0,34,1
CUST_000922,1627.2254007314284,147.92958188467531,11,96.27754640143928,26,11
CUST_000923,694.0815867571318,138.81631735142636,5,67.27579012209524,142,5
CUST_000924,1084.1101534451393,135.5137691806424,8,78.79421909748608,30,8
CUST_000925,510.0543886154244,255.0271943077122,2,8.154228442360472,65,2
CUST_000926,396.89898330927906,132.29966110309303,3,144.9907825416362,50,3
CUST_000927,342.43802179887825,114.14600726629276,3,88.60399325156573,175,3
CUST_000928,152.6144785161004,152.6144785161004,1,0.0,3,1
CUST_000929,819.1482786629647,136.5247131104941,6,86.03165437430187,13,6
CUST_000930,462.3804374326203,154.12681247754008,3,76.3303120232501,35,3
CUST_000931,629.2612370147347,209.75374567157823,3,58.22949804291405,144,3
CUST_000932,782.0774864491328,156.41549728982656,5,71.14738535155695,67,5
CUST_000933,964.0671918348195,160.67786530580324,6,107.45891633838761,64,6
CUST_000934,216.37182719430427,72.12394239810142,3,61.72623036858974,94,3
CUST_000935,887.9756031329806,221.99390078324515,4,49.64177666832764,1,4
CUST_000936,980.2305304059582,245.05763260148956,4,58.41271967746745,46,4
CUST_000937,851.4285799418528,212.8571449854632,4,90.85030255737315,24,4
CUST_000938,901.7889239411734,180.35778478823468,5,101.2756011117361,66,5
CUST_000939,1063.7355725840084,177.28926209733473,6,101.75930202131401,87,6
CUST_000940,359.94540020659286,119.98180006886429,3,104.74569104748076,80,3
CUST_000941,422.53577812012645,105.63394453003161,4,48.60030896471072,137,4
CUST_000942,555.1907473105086,277.5953736552543,2,5.7083382336257795,44,2
CUST_000943,718.3391520276239,119.72319200460397,6,69.48544525104984,52,6
CUST_000944,299.12208988939017,149.56104494469508,2,47.25818424054285,213,2
CUST_000945,1346.6085930715205,149.62317700794674,9,88.2306531130188,6,9
CUST_000946,462.8416232350358,154.28054107834527,3,53.41055707412717,23,3
CUST_000947,587.5887508157532,146.8971877039383,4,87.64983270949222,180,4
CUST_000948,737.3843772028265,147.4768754405653,5,119.95194932928443,77,5
CUST_000949,1063.2184553091229,212.64369106182457,5,74.8034955498896,16,5
CUST_000950,492.4600083483633,246.23000417418166,2,61.18257589962852,57,2
CUST_000951,1387.2294048207473,198.17562926010675,7,51.91068612023818,68,7
CUST_000952,571.9467397716805,190.64891325722684,3,93.63997662012628,134,3
CUST_000953,555.7230036609766,111.14460073219531,5,69.00347363480024,47,5
CUST_000954,704.3151198406522,117.38585330677536,6,86.17830669556034,11,6
CUST_000955,1479.3016510092475,184.91270637615594,8,73.93450217645153,43,8
CUST_000956,449.2502381691301,149.75007938971004,3,82.50747581497349,12,3
CUST_000957,484.41604962653264,161.47201654217756,3,6.185848276291005,145,3
CUST_000958,1259.6942364841789,157.46177956052236,8,78.07520657794714,108,8
CUST_000959,1252.877094361971,156.6096367952464,8,92.92891970162296,16,8
CUST_000960,944.4053265515072,157.40088775858453,6,81.4397075290242,16,6
CUST_000961,1955.7159615377745,195.57159615377745,10,94.38971251776285,14,10
CUST_000962,1722.5364221549758,191.3929357949973,9,71.5879445806267,1,9
CUST_000963,293.49723302765057,146.74861651382528,2,171.09498591310305,53,2
CUST_000964,799.1302513181192,159.82605026362384,5,60.09381607967339,3,5
CUST_000965,182.6582762991791,182.6582762991791,1,0.0,17,1
CUST_000966,741.9428866454064,185.4857216613516,4,105.63090152835127,21,4
CUST_000967,589.0823448804917,84.1546206972131,7,56.6237903616259,3,7
CUST_000968,1136.1329031458422,126.23698923842691,9,74.43341761263424,11,9
CUST_000969,897.6485693824317,149.60809489707194,6,65.45537368207786,128,6
CUST_000970,482.11061965908436,241.05530982954218,2,14.740100501911186,75,2
CUST_000971,235.36147457655284,117.68073728827642,2,7.13005618893682,3,2
CUST_000972,1046.5547036257444,174.42578393762406,6,60.07672117115581,67,6
CUST_000973,868.361841784993,173.6723683569986,5,109.42604767715603,28,5
CUST_000974,173.77653839537874,43.444134598844684,4,55.37659508937181,3,4
CUST_000975,378.4957139107738,126.16523797025793,3,76.89802925977101,133,3
CUST_000976,1276.8224933196839,141.86916592440932,9,96.50291296645625,48,9
CUST_000977,942.7960318050145,188.5592063610029,5,105.9197975158095,57,5
CUST_000978,965.2950965972104,241.3237741493026,4,18.527749114735453,15,4
CUST_000979,322.95709776090973,161.47854888045487,2,153.48363241047167,9,2
CUST_000980,1013.6432967579843,202.72865935159686,5,41.41412012045973,64,5
CUST_000981,1502.2359632602374,166.91510702891526,9,101.22781396074866,20,9
CUST_000982,1577.8213545721123,225.4030506531589,7,53.069861501455044,79,6
CUST_000983,1238.2132705075273,123.82132705075273,10,82.08992613624588,5,10
CUST_000984,472.0019063529391,157.33396878431304,3,25.789959253812057,88,3
CUST_000985,378.6039158448847,126.20130528162822,3,64.67768166157931,37,3
CUST_000986,364.96628894053225,121.65542964684408,3,67.5596766355005,156,3
CUST_000987,993.952850034245,141.99326429060642,7,86.74596191052339,37,7
CUST_000988,717.8556665962868,179.4639166490717,4,100.11575690731665,30,4
CUST_000989,255.81241508119226,127.90620754059613,2,119.51664365592923,14,2
CUST_000990,638.5584488312334,159.63961220780834,4,75.17976913959595,63,4
CUST_000991,1003.9410213733214,167.32350356222022,6,95.09404330931739,34,6
CUST_000992,1472.286177473382,122.6905147894485,12,61.3059895348878,87,12
CUST_000993,707.339115828425,141.467823165685,5,91.87501220788256,27,5
CUST_000994,436.38181187226036,87.27636237445208,5,79.01426607137458,5,5
CUST_000995,831.7983310544683,166.35966621089366,5,37.18857593993453,39,5
CUST_000996,593.9876473650729,98.99794122751216,6,72.88510034909987,122,6
CUST_000997,822.5337059903483,137.08895099839137,6,77.06268757576308,55,6
CUST_000998,213.99205235291956,53.49801308822989,4,56.155603789031865,42,4
CUST_000999,1387.7546973155404,138.77546973155404,10,96.8419569818709,18,10
