customer_id,age,gender,income,location,registration_date,customer_tenure_days
CUST_000000,56,Male,58156.14740721948,Illinois,2023-10-14 21:01:13.941899,615
CUST_000001,75,Other,40768.553456024965,Texas,2024-03-18 21:01:13.941958,459
CUST_000002,41,Male,73688.19223261088,Illinois,2023-05-12 21:01:13.942001,770
CUST_000003,41,Female,61511.52093729363,California,2024-12-10 21:01:13.942040,192
CUST_000004,77,Male,71935.67180519026,Illinois,2023-06-03 21:01:13.942077,748
CUST_000005,42,Male,73080.72451421896,Texas,2025-04-22 21:01:13.942115,59
CUST_000006,59,Other,71984.7315338233,Texas,2023-01-26 21:01:13.942151,876
CUST_000007,72,Male,46613.355492701965,Texas,2024-02-21 21:01:13.942187,485
CUST_000008,68,Other,40996.19224841133,Illinois,2023-01-04 21:01:13.942222,898
CUST_000009,37,Other,64211.59731569958,Florida,2024-03-22 21:01:13.942258,455
CUST_000010,61,Male,44477.43587984688,New York,2022-12-01 21:01:13.942293,932
CUST_000011,67,Female,55633.46950761041,California,2023-05-10 21:01:13.942328,772
CUST_000012,71,Male,61076.99869993116,Florida,2023-07-19 21:01:13.942364,702
CUST_000013,57,Male,52570.524217849554,Illinois,2024-07-17 21:01:13.942398,338
CUST_000014,64,Male,56912.244502229565,Florida,2024-06-05 21:01:13.942433,380
CUST_000015,62,Male,51288.852074462215,Illinois,2025-06-05 21:01:13.942467,15
CUST_000016,62,Male,49346.94796289753,New York,2023-09-11 21:01:13.942502,648
CUST_000017,41,Other,45870.48634630411,Texas,2024-02-07 21:01:13.942536,499
CUST_000018,34,Other,57140.63881140458,California,2024-11-01 21:01:13.942571,231
CUST_000019,75,Male,69554.91902597876,Florida,2025-02-05 21:01:13.942653,135
CUST_000020,26,Female,46313.7846885944,Illinois,2025-03-13 21:01:13.942692,99
CUST_000021,61,Female,38454.98339500837,Texas,2023-12-21 21:01:13.942728,547
CUST_000022,18,Other,55424.54037571451,New York,2025-06-15 21:01:13.942762,5
CUST_000023,43,Other,40323.203680923136,Texas,2024-05-23 21:01:13.942797,393
CUST_000024,32,Other,47741.99212610326,Texas,2023-11-23 21:01:13.942831,575
CUST_000025,49,Other,35516.63492157538,New York,2023-12-04 21:01:13.942866,564
CUST_000026,78,Female,54464.75672762521,Texas,2023-12-27 21:01:13.942901,541
CUST_000027,53,Male,34578.26344118693,Texas,2024-10-20 21:01:13.942941,243
CUST_000028,39,Female,27995.481722307108,Illinois,2023-09-13 21:01:13.942978,646
CUST_000029,45,Female,63389.44207259243,Texas,2023-09-19 21:01:13.943012,640
CUST_000030,75,Other,45360.67180333134,New York,2024-05-31 21:01:13.943046,385
CUST_000031,74,Other,60096.88254160962,New York,2023-10-01 21:01:13.943080,628
CUST_000032,30,Male,36945.42568158389,Texas,2023-09-10 21:01:13.943114,649
CUST_000033,79,Male,42400.35170552714,New York,2023-03-24 21:01:13.943148,819
CUST_000034,59,Other,42753.15981873061,New York,2023-07-29 21:01:13.943183,692
CUST_000035,66,Female,41452.574774023946,New York,2024-04-04 21:01:13.943216,442
CUST_000036,69,Female,66300.90534558911,Illinois,2023-10-04 21:01:13.943250,625
CUST_000037,73,Male,65074.80321053948,Texas,2025-02-27 21:01:13.943285,113
CUST_000038,19,Female,43373.509651609806,New York,2024-05-31 21:01:13.943319,385
CUST_000039,36,Female,48737.52372228234,California,2025-04-28 21:01:13.943354,53
CUST_000040,61,Female,67142.34221772531,Texas,2024-05-15 21:01:13.943388,401
CUST_000041,55,Male,61278.99549030161,Florida,2023-10-19 21:01:13.943422,610
CUST_000042,23,Female,36790.38772205346,New York,2024-12-01 21:01:13.943462,201
CUST_000043,77,Other,51153.42422876857,Illinois,2023-05-11 21:01:13.943498,771
CUST_000044,37,Other,60771.92419737066,Texas,2025-01-23 21:01:13.943533,148
CUST_000045,49,Other,35727.9237402794,Florida,2024-02-17 21:01:13.943566,489
CUST_000046,50,Other,38251.20061495644,California,2023-10-18 21:01:13.943647,611
CUST_000047,24,Female,45169.07725691487,New York,2023-11-26 21:01:13.943688,572
CUST_000048,66,Female,65007.28411643157,New York,2024-10-30 21:01:13.943723,233
CUST_000049,52,Other,52286.31293388889,Texas,2024-05-12 21:01:13.943757,404
CUST_000050,41,Female,59264.612682667175,Texas,2023-10-04 21:01:13.943791,625
CUST_000051,25,Female,68256.06195470165,Florida,2024-10-09 21:01:13.943825,254
CUST_000052,52,Female,35219.27304311469,California,2023-03-21 21:01:13.943860,822
CUST_000053,52,Male,33590.89386397289,New York,2022-09-28 21:01:13.943894,996
CUST_000054,50,Male,30048.889017278227,Texas,2024-05-15 21:01:13.943928,401
CUST_000055,50,Other,49620.68561643308,Texas,2024-03-07 21:01:13.943962,470
CUST_000056,72,Female,63180.10322286344,Texas,2025-05-24 21:01:13.943996,27
CUST_000057,51,Male,46406.082377092855,New York,2024-09-09 21:01:13.944030,284
CUST_000058,64,Male,59385.01021647509,Texas,2024-01-21 21:01:13.944072,516
CUST_000059,52,Male,37142.63665375576,New York,2024-12-30 21:01:13.944106,172
CUST_000060,45,Female,48138.01416677511,Illinois,2023-10-22 21:01:13.944141,607
CUST_000061,52,Male,61105.11226921608,Florida,2024-12-11 21:01:13.944175,191
CUST_000062,78,Male,40859.3993617338,Texas,2025-02-12 21:01:13.944209,128
CUST_000063,35,Male,37797.18354559965,California,2023-06-16 21:01:13.944242,735
CUST_000064,71,Female,59526.688263529686,California,2023-09-20 21:01:13.944276,639
CUST_000065,44,Female,33796.98694939272,California,2022-10-08 21:01:13.944310,986
CUST_000066,34,Male,56279.59203758903,Illinois,2023-08-08 21:01:13.944344,682
CUST_000067,72,Female,39077.31125955,Texas,2023-03-25 21:01:13.944378,818
CUST_000068,42,Male,32251.015678183718,Florida,2023-01-19 21:01:13.944417,883
CUST_000069,40,Other,57424.93481287542,Florida,2024-07-01 21:01:13.944453,354
CUST_000070,19,Other,31998.023934047556,California,2023-11-23 21:01:13.944487,575
CUST_000071,79,Male,68020.70666326536,California,2023-11-28 21:01:13.944520,570
CUST_000072,39,Male,36603.19589556166,New York,2024-09-29 21:01:13.944553,264
CUST_000073,70,Male,44977.74128907899,Florida,2023-05-08 21:01:13.944616,774
CUST_000074,62,Female,82159.16133987988,Florida,2023-09-03 21:01:13.944659,656
CUST_000075,30,Female,59508.78533477017,Florida,2025-03-06 21:01:13.944693,106
CUST_000076,47,Other,40073.20302847418,Florida,2025-04-23 21:01:13.944727,58
CUST_000077,72,Female,62786.50002194336,Illinois,2024-03-03 21:01:13.944769,474
CUST_000078,70,Female,57574.80918470686,Illinois,2023-09-18 21:01:13.944809,641
CUST_000079,75,Female,62986.327912551824,New York,2023-05-31 21:01:13.944843,751
CUST_000080,51,Female,52757.83271614338,Illinois,2022-09-25 21:01:13.944878,999
CUST_000081,22,Female,58668.45702648252,Illinois,2024-10-16 21:01:13.944911,247
CUST_000082,20,Female,69003.66723779934,New York,2024-09-08 21:01:13.944945,285
CUST_000083,31,Male,39384.958015718286,New York,2025-03-18 21:01:13.944979,94
CUST_000084,63,Female,46439.120581899966,California,2024-03-03 21:01:13.945013,474
CUST_000085,65,Male,78080.08520708456,Florida,2024-09-04 21:01:13.945046,289
CUST_000086,79,Female,43699.28803058726,Illinois,2025-03-12 21:01:13.945080,100
CUST_000087,51,Other,52088.06166435224,California,2023-05-20 21:01:13.945114,762
CUST_000088,36,Female,97805.50007109456,Illinois,2024-01-21 21:01:13.945147,516
CUST_000089,33,Other,51262.45281511881,California,2024-02-09 21:01:13.945181,497
CUST_000090,45,Other,59117.57810502207,Texas,2024-06-05 21:01:13.945214,380
CUST_000091,50,Male,65487.69189241823,Illinois,2023-07-30 21:01:13.945248,691
CUST_000092,60,Male,67055.26127950186,California,2025-05-08 21:01:13.945282,43
CUST_000093,61,Male,56703.35217161101,Illinois,2025-06-08 21:01:13.945316,12
CUST_000094,48,Female,42703.50850921459,Illinois,2022-12-11 21:01:13.945357,922
CUST_000095,27,Female,53113.9739192858,California,2025-02-25 21:01:13.945393,115
CUST_000096,58,Other,55355.23228947571,Illinois,2025-04-06 21:01:13.945427,75
CUST_000097,46,Male,39606.35607109019,Illinois,2023-05-21 21:01:13.945465,761
CUST_000098,53,Female,75174.58264734343,Texas,2023-08-01 21:01:13.945500,689
CUST_000099,52,Female,21882.966877107323,New York,2022-09-25 21:01:13.945534,999
CUST_000100,49,Other,73292.89663758989,New York,2023-02-04 21:01:13.945568,867
CUST_000101,58,Female,43407.23186788584,New York,2023-01-21 21:01:13.945643,881
CUST_000102,79,Male,60229.294569424455,New York,2023-10-17 21:01:13.945682,612
CUST_000103,29,Male,45345.99865109816,New York,2022-12-18 21:01:13.945717,915
CUST_000104,29,Male,54862.49528732663,Florida,2023-02-20 21:01:13.945751,851
CUST_000105,75,Other,48047.85418448473,Illinois,2025-04-12 21:01:13.945785,69
CUST_000106,52,Male,28390.20891789775,Illinois,2025-01-20 21:01:13.945819,151
CUST_000107,33,Male,54039.76481378808,Illinois,2023-07-28 21:01:13.945852,693
CUST_000108,59,Female,51137.068372905895,Illinois,2025-01-08 21:01:13.945891,163
CUST_000109,40,Male,39842.574327318325,Texas,2023-02-28 21:01:13.945928,843
CUST_000110,35,Other,56193.97181413436,Florida,2022-12-20 21:01:13.945962,913
CUST_000111,78,Female,41544.13170794038,Illinois,2025-01-03 21:01:13.945996,168
CUST_000112,59,Male,58386.63803921791,Illinois,2025-05-22 21:01:13.946029,29
CUST_000113,54,Female,63088.12387145719,Texas,2023-09-11 21:01:13.946062,648
CUST_000114,65,Male,67315.31507613386,New York,2024-08-23 21:01:13.946096,301
CUST_000115,21,Female,42839.27404137019,Florida,2024-05-01 21:01:13.946130,415
CUST_000116,36,Male,72173.78172233695,California,2023-02-13 21:01:13.946163,858
CUST_000117,36,Other,36807.98239629865,Texas,2024-12-29 21:01:13.946202,173
CUST_000118,30,Female,39764.860983197694,Florida,2024-03-21 21:01:13.946236,456
CUST_000119,78,Other,49277.0677169628,New York,2022-11-28 21:01:13.946274,935
CUST_000120,18,Other,57390.29725700608,Florida,2024-06-16 21:01:13.946310,369
CUST_000121,42,Male,51333.09509197615,Illinois,2025-02-06 21:01:13.946344,134
CUST_000122,75,Male,51044.78996778319,Texas,2023-05-18 21:01:13.946379,764
CUST_000123,54,Other,64752.56459537698,Texas,2024-01-05 21:01:13.946413,532
CUST_000124,74,Female,42921.83713823196,New York,2024-06-12 21:01:13.946446,373
CUST_000125,71,Female,41657.282812970174,Texas,2023-09-03 21:01:13.946479,656
CUST_000126,40,Male,47850.7511192438,Florida,2024-06-12 21:01:13.946513,373
CUST_000127,25,Female,40990.92978125623,Florida,2023-08-14 21:01:13.946546,676
CUST_000128,43,Female,38646.40864232606,Illinois,2025-05-10 21:01:13.946579,41
CUST_000129,53,Other,36873.81765697824,New York,2024-12-01 21:01:13.946662,201
CUST_000130,50,Male,58570.21265490182,Illinois,2022-12-24 21:01:13.946700,909
CUST_000131,63,Other,64557.85730019816,Illinois,2024-05-26 21:01:13.946733,390
CUST_000132,35,Other,61129.44524794198,California,2025-06-10 21:01:13.946767,10
CUST_000133,73,Female,72149.87938144444,California,2024-10-12 21:01:13.946801,251
CUST_000134,62,Male,48895.83326312141,New York,2025-01-25 21:01:13.946834,146
CUST_000135,49,Other,45766.68216519184,New York,2023-05-03 21:01:13.946874,779
CUST_000136,38,Female,55113.83297838431,Texas,2023-08-01 21:01:13.946914,689
CUST_000137,30,Male,48703.7973975258,California,2025-03-07 21:01:13.946949,105
CUST_000138,52,Other,48370.57003866717,Florida,2022-10-17 21:01:13.946983,977
CUST_000139,22,Other,49167.72562553489,Illinois,2023-02-01 21:01:13.947016,870
CUST_000140,20,Male,73942.1441585245,California,2024-03-19 21:01:13.947054,458
CUST_000141,36,Male,59015.80916317305,Illinois,2025-04-03 21:01:13.947090,78
CUST_000142,26,Female,37272.1895091813,Florida,2024-03-31 21:01:13.947124,446
CUST_000143,18,Male,35956.32457583066,California,2024-07-07 21:01:13.947157,348
CUST_000144,48,Other,53635.005291246685,Texas,2023-01-11 21:01:13.947195,891
CUST_000145,67,Male,80710.98381695358,Florida,2024-05-27 21:01:13.947230,389
CUST_000146,47,Female,56205.69199928112,Illinois,2023-02-18 21:01:13.947264,853
CUST_000147,31,Female,70131.32756458873,Texas,2024-04-11 21:01:13.947298,435
CUST_000148,56,Female,53046.7032191976,California,2025-03-14 21:01:13.947331,98
CUST_000149,35,Female,50743.59093949107,Texas,2024-04-11 21:01:13.947367,435
CUST_000150,51,Male,72535.35578144042,Florida,2023-12-26 21:01:13.947401,542
CUST_000151,72,Female,51111.42170629663,Texas,2025-03-31 21:01:13.947436,81
CUST_000152,22,Male,24449.26340967268,Illinois,2023-12-22 21:01:13.947470,546
CUST_000153,23,Male,49166.78451655072,California,2024-11-27 21:01:13.947503,205
CUST_000154,79,Other,22710.49325705106,New York,2023-08-27 21:01:13.947537,663
CUST_000155,72,Other,63719.08273391127,Texas,2024-06-11 21:01:13.947571,374
CUST_000156,33,Male,49059.813540902425,Illinois,2023-08-18 21:01:13.947651,672
CUST_000157,67,Male,64327.134807518574,California,2025-04-30 21:01:13.947689,51
CUST_000158,36,Male,42046.13572441339,Illinois,2024-01-03 21:01:13.947725,534
CUST_000159,38,Female,38106.90751606484,New York,2023-09-14 21:01:13.947759,645
CUST_000160,58,Female,31722.655380701217,California,2024-10-14 21:01:13.947793,249
CUST_000161,64,Male,32595.12462096041,Texas,2023-03-12 21:01:13.947827,831
CUST_000162,65,Male,52722.60466440965,Florida,2023-07-02 21:01:13.947861,719
CUST_000163,64,Other,38371.52309498469,California,2025-05-23 21:01:13.947895,28
CUST_000164,40,Female,74674.51570251926,Texas,2024-08-12 21:01:13.947935,312
CUST_000165,68,Other,46264.45940665432,Texas,2023-10-06 21:01:13.947970,623
CUST_000166,40,Female,44626.86199263831,Texas,2025-06-05 21:01:13.948004,15
CUST_000167,42,Other,63527.95155526831,Illinois,2025-05-23 21:01:13.948038,28
CUST_000168,27,Other,34081.06050580114,California,2025-02-14 21:01:13.948072,126
CUST_000169,61,Male,40184.39980830476,New York,2024-01-12 21:01:13.948106,525
CUST_000170,37,Male,65829.96494819623,Illinois,2025-01-25 21:01:13.948145,146
CUST_000171,64,Other,59804.51392002986,California,2023-10-06 21:01:13.948180,623
CUST_000172,25,Male,19886.479679558397,Illinois,2024-01-19 21:01:13.948218,518
CUST_000173,69,Female,66011.84258352127,California,2024-04-03 21:01:13.948255,443
CUST_000174,73,Other,50415.36397424319,New York,2024-04-09 21:01:13.948289,437
CUST_000175,39,Male,51910.48217805734,Florida,2024-07-05 21:01:13.948328,350
CUST_000176,28,Female,37571.24343471897,New York,2023-05-23 21:01:13.948362,759
CUST_000177,20,Other,41822.46201002234,Illinois,2023-12-20 21:01:13.948397,548
CUST_000178,41,Other,52609.494937543546,Texas,2025-06-16 21:01:13.948430,4
CUST_000179,32,Female,63618.079208636416,New York,2023-10-23 21:01:13.948464,606
CUST_000180,73,Female,57924.74914445564,Texas,2024-05-24 21:01:13.948498,392
CUST_000181,43,Other,53112.55227738704,Illinois,2024-08-24 21:01:13.948532,300
CUST_000182,22,Female,59608.73010423727,Florida,2023-12-09 21:01:13.948566,559
CUST_000183,18,Female,37778.23808014554,Illinois,2023-01-08 21:01:13.948631,894
CUST_000184,28,Other,91756.66135233577,New York,2022-12-31 21:01:13.948668,902
CUST_000185,67,Female,25834.91585067168,Illinois,2022-12-14 21:01:13.948703,919
CUST_000186,27,Female,65094.39213821661,New York,2024-08-05 21:01:13.948737,319
CUST_000187,54,Male,41346.62195715277,New York,2023-05-05 21:01:13.948771,777
CUST_000188,28,Other,12925.332498090662,New York,2023-11-17 21:01:13.948805,581
CUST_000189,79,Female,38046.57116794285,Illinois,2024-06-09 21:01:13.948839,376
CUST_000190,28,Male,42373.91067659371,New York,2024-08-28 21:01:13.948873,296
CUST_000191,39,Male,31372.392249417,Texas,2023-01-29 21:01:13.948906,873
CUST_000192,54,Female,57741.87092866536,Illinois,2025-06-15 21:01:13.948940,5
CUST_000193,36,Other,57132.404621737616,California,2023-11-24 21:01:13.948974,574
CUST_000194,21,Male,45946.95021983692,Texas,2023-09-22 21:01:13.949008,637
CUST_000195,55,Male,64214.25406492114,New York,2023-08-25 21:01:13.949048,665
CUST_000196,34,Male,60302.47685813969,Illinois,2023-10-13 21:01:13.949087,616
CUST_000197,57,Other,14906.104962276702,Texas,2024-12-04 21:01:13.949122,198
CUST_000198,23,Other,27821.206313302377,Florida,2025-06-05 21:01:13.949156,15
CUST_000199,64,Male,67156.31064810394,New York,2024-02-28 21:01:13.949190,478
CUST_000200,56,Other,42689.07464118279,New York,2022-09-27 21:01:13.949224,997
CUST_000201,44,Other,56057.30838018959,New York,2024-10-09 21:01:13.949259,254
CUST_000202,21,Female,49223.61522942049,California,2023-02-06 21:01:13.949292,865
CUST_000203,71,Female,77614.14604905812,Illinois,2025-01-12 21:01:13.949326,159
CUST_000204,64,Male,45951.87597059943,Illinois,2023-09-11 21:01:13.949365,648
CUST_000205,22,Male,35318.54426326539,Florida,2023-02-27 21:01:13.949401,844
CUST_000206,62,Female,50408.97057228318,Florida,2024-09-01 21:01:13.949435,292
CUST_000207,43,Other,47973.49538127594,Texas,2025-04-12 21:01:13.949469,69
CUST_000208,37,Other,48320.41219108074,California,2024-08-22 21:01:13.949502,302
CUST_000209,60,Female,54896.35047606072,Illinois,2023-10-13 21:01:13.949536,616
CUST_000210,79,Female,46957.30670494771,Florida,2023-08-07 21:01:13.949570,683
CUST_000211,29,Male,50703.73152425388,Illinois,2023-03-03 21:01:13.949651,840
CUST_000212,59,Male,78230.3674471255,Texas,2025-05-22 21:01:13.949690,29
CUST_000213,31,Male,70181.30069232467,Texas,2024-05-09 21:01:13.949724,407
CUST_000214,18,Female,40588.716734337846,Florida,2024-12-20 21:01:13.949765,182
CUST_000215,40,Male,42569.1613560313,New York,2023-03-12 21:01:13.949799,831
CUST_000216,71,Other,58066.489376104335,New York,2024-08-15 21:01:13.949834,309
CUST_000217,26,Female,29619.32728156909,Florida,2024-08-11 21:01:13.949867,313
CUST_000218,70,Female,34818.434371097486,New York,2023-10-27 21:01:13.949900,602
CUST_000219,28,Female,25177.14992201346,California,2022-12-30 21:01:13.949934,903
CUST_000220,35,Other,44963.22951064808,Texas,2022-11-08 21:01:13.949968,955
CUST_000221,61,Other,75035.32287934089,Texas,2024-12-20 21:01:13.950007,182
CUST_000222,41,Male,9546.700355876426,New York,2024-12-25 21:01:13.950041,177
CUST_000223,46,Other,49185.577002232814,Texas,2023-08-28 21:01:13.950076,662
CUST_000224,43,Female,34742.117441819144,Florida,2024-06-24 21:01:13.950110,361
CUST_000225,66,Female,57750.03962972184,Florida,2025-04-18 21:01:13.950143,63
CUST_000226,78,Male,34096.1258908082,Texas,2023-01-11 21:01:13.950177,891
CUST_000227,73,Other,33230.82265449574,Illinois,2024-08-19 21:01:13.950211,305
CUST_000228,62,Male,88548.902595355,California,2023-05-13 21:01:13.950244,769
CUST_000229,31,Other,33393.43318099968,California,2024-12-08 21:01:13.950278,194
CUST_000230,71,Male,68691.27788746444,Florida,2023-01-05 21:01:13.950312,897
CUST_000231,25,Male,18899.14651387776,Texas,2023-04-12 21:01:13.950346,800
CUST_000232,27,Female,50954.49860552833,New York,2025-03-25 21:01:13.950380,87
CUST_000233,72,Female,64272.71094414431,Illinois,2025-06-12 21:01:13.950414,8
CUST_000234,18,Male,39432.948448107054,Texas,2023-05-15 21:01:13.950454,767
CUST_000235,78,Female,39075.27275078171,New York,2024-10-24 21:01:13.950488,239
CUST_000236,54,Other,52148.23178746282,California,2023-04-09 21:01:13.950527,803
CUST_000237,49,Female,64674.394731743865,Texas,2022-12-21 21:01:13.950562,912
CUST_000238,21,Male,45862.856515970125,California,2025-06-13 21:01:13.950639,7
CUST_000239,27,Other,34137.031228499865,New York,2025-01-20 21:01:13.950681,151
CUST_000240,38,Other,70510.5538208299,New York,2023-03-28 21:01:13.950716,815
CUST_000241,22,Other,64373.80739228857,California,2024-05-30 21:01:13.950750,386
CUST_000242,20,Other,67778.15437266334,New York,2024-11-06 21:01:13.950784,226
CUST_000243,70,Other,39949.4120966698,Florida,2024-01-31 21:01:13.950818,506
CUST_000244,39,Male,49435.47946362727,New York,2023-01-20 21:01:13.950851,882
CUST_000245,68,Male,66549.52823024782,New York,2023-12-16 21:01:13.950885,552
CUST_000246,19,Male,29624.78421070772,Texas,2024-02-12 21:01:13.950924,494
CUST_000247,21,Female,42958.416298856806,California,2025-05-22 21:01:13.950961,29
CUST_000248,62,Female,25556.105210355094,New York,2023-08-13 21:01:13.950997,677
CUST_000249,42,Female,58277.95482964251,California,2023-11-10 21:01:13.951030,588
CUST_000250,40,Male,74308.00167748815,New York,2023-03-22 21:01:13.951064,821
CUST_000251,24,Female,73557.41952891709,Illinois,2024-05-15 21:01:13.951098,401
CUST_000252,43,Male,55754.20930725156,California,2023-03-21 21:01:13.951131,822
CUST_000253,60,Male,14454.178857733292,Texas,2023-07-28 21:01:13.951171,693
CUST_000254,53,Other,40827.23295512078,Texas,2024-01-25 21:01:13.951205,512
CUST_000255,53,Male,28900.083547276667,Texas,2023-04-05 21:01:13.951238,807
CUST_000256,57,Other,48084.56224083842,Illinois,2024-08-12 21:01:13.951272,312
CUST_000257,50,Female,58327.17933066682,Florida,2023-05-31 21:01:13.951306,751
CUST_000258,37,Other,41365.43260643339,Texas,2024-06-20 21:01:13.951340,365
CUST_000259,60,Female,51830.14721968042,New York,2025-01-17 21:01:13.951373,154
CUST_000260,19,Male,30979.677325353976,New York,2024-11-15 21:01:13.951407,217
CUST_000261,78,Other,30062.81259257726,California,2025-05-26 21:01:13.951441,25
CUST_000262,56,Other,57496.06430168165,Florida,2024-04-11 21:01:13.951483,435
CUST_000263,47,Female,57988.92664055827,California,2024-01-13 21:01:13.951517,524
CUST_000264,36,Male,30209.78166293892,Texas,2023-05-06 21:01:13.951551,776
CUST_000265,48,Male,46606.32171486986,New York,2023-06-24 21:01:13.951612,727
CUST_000266,54,Female,50596.12543865641,California,2025-03-23 21:01:13.951658,89
CUST_000267,29,Other,50170.22718464329,Texas,2022-12-11 21:01:13.951693,922
CUST_000268,58,Male,45344.81576066022,New York,2022-12-14 21:01:13.951733,919
CUST_000269,43,Male,51735.27232991794,California,2024-05-25 21:01:13.951768,391
CUST_000270,31,Other,33784.151893876064,California,2023-03-16 21:01:13.951803,827
CUST_000271,40,Male,65797.29279999355,California,2024-11-09 21:01:13.951836,223
CUST_000272,47,Other,70349.50073275181,New York,2024-01-11 21:01:13.951876,526
CUST_000273,48,Other,9312.642622280391,Florida,2024-12-14 21:01:13.951915,188
CUST_000274,62,Female,51194.8678629138,California,2024-12-19 21:01:13.951949,183
CUST_000275,40,Other,65199.7405408303,New York,2024-01-21 21:01:13.951983,516
CUST_000276,46,Female,65477.66809202952,Illinois,2024-04-20 21:01:13.952017,426
CUST_000277,61,Female,27716.59440444542,California,2024-08-13 21:01:13.952051,311
CUST_000278,52,Female,43435.01495295942,Texas,2023-01-11 21:01:13.952085,891
CUST_000279,56,Female,32204.97357167942,Florida,2025-05-22 21:01:13.952119,29
CUST_000280,79,Male,42352.13633750038,New York,2024-09-21 21:01:13.952153,272
CUST_000281,73,Other,12730.82631371278,New York,2024-09-27 21:01:13.952187,266
CUST_000282,47,Male,54304.609376809,New York,2022-10-04 21:01:13.952220,990
CUST_000283,66,Other,18721.735346518417,Illinois,2025-01-29 21:01:13.952254,142
CUST_000284,73,Female,56818.45223449484,Illinois,2023-08-25 21:01:13.952287,665
CUST_000285,65,Male,61160.57405973742,Illinois,2022-10-19 21:01:13.952321,975
CUST_000286,26,Other,73257.50739221115,Florida,2024-12-15 21:01:13.952354,187
CUST_000287,75,Male,35024.68938891814,Illinois,2022-09-27 21:01:13.952387,997
CUST_000288,60,Female,62473.14136563924,California,2025-01-18 21:01:13.952421,153
CUST_000289,24,Other,53114.19032342097,Florida,2023-02-10 21:01:13.952455,861
CUST_000290,71,Male,48076.827108573336,New York,2023-05-29 21:01:13.952489,753
CUST_000291,75,Other,42482.90049082145,Illinois,2023-05-09 21:01:13.952523,773
CUST_000292,71,Other,51448.17895308162,Florida,2023-01-12 21:01:13.952565,890
CUST_000293,66,Male,27502.446330146835,Texas,2024-02-16 21:01:13.952640,490
CUST_000294,52,Female,52544.79334206277,Texas,2025-01-11 21:01:13.952679,160
CUST_000295,52,Female,49954.81095224241,Illinois,2025-02-20 21:01:13.952713,120
CUST_000296,78,Other,48004.128729933975,Texas,2023-09-24 21:01:13.952753,635
CUST_000297,45,Male,66885.18176554445,New York,2024-12-07 21:01:13.952787,195
CUST_000298,42,Female,54287.98086087358,New York,2024-10-02 21:01:13.952827,261
CUST_000299,28,Other,55016.851849805375,California,2022-10-10 21:01:13.952862,984
CUST_000300,77,Other,50683.88246705075,Illinois,2024-08-08 21:01:13.952902,316
CUST_000301,65,Male,40535.11805189079,Florida,2022-10-29 21:01:13.952941,965
CUST_000302,30,Male,63612.42152625884,Texas,2023-11-30 21:01:13.952977,568
CUST_000303,57,Female,50538.418246515495,Texas,2022-10-21 21:01:13.953011,973
CUST_000304,62,Male,53600.341065275694,Florida,2024-07-02 21:01:13.953045,353
CUST_000305,76,Other,54583.31480565888,New York,2023-05-01 21:01:13.953079,781
CUST_000306,60,Male,66000.1203438373,Texas,2024-04-24 21:01:13.953113,422
CUST_000307,77,Other,67539.4338566851,Illinois,2023-06-04 21:01:13.953146,747
CUST_000308,62,Female,65603.08892335494,California,2024-05-22 21:01:13.953181,394
CUST_000309,49,Other,48578.699396323966,Illinois,2023-08-20 21:01:13.953216,670
CUST_000310,56,Other,37838.36120160522,California,2024-11-08 21:01:13.953250,224
CUST_000311,30,Female,62933.94537195318,Texas,2025-02-27 21:01:13.953283,113
CUST_000312,58,Male,45753.3649814712,Illinois,2023-08-15 21:01:13.953323,675
CUST_000313,65,Female,36769.589881888576,Texas,2024-05-02 21:01:13.953357,414
CUST_000314,24,Female,67795.81118322932,Florida,2023-11-26 21:01:13.953391,572
CUST_000315,32,Female,46454.70749113461,Illinois,2022-10-05 21:01:13.953425,989
CUST_000316,39,Female,61278.53927049048,New York,2025-05-29 21:01:13.953459,22
CUST_000317,43,Other,64653.48617055599,California,2024-08-18 21:01:13.953493,306
CUST_000318,31,Other,55506.53400182101,Illinois,2022-12-26 21:01:13.953527,907
CUST_000319,50,Female,42112.91919030565,Texas,2024-03-18 21:01:13.953560,459
CUST_000320,75,Other,24485.096720918697,Illinois,2024-01-21 21:01:13.953615,516
CUST_000321,34,Other,43902.60684955608,Illinois,2024-02-17 21:01:13.953652,489
CUST_000322,56,Other,59729.54502081442,Florida,2023-04-12 21:01:13.953686,800
CUST_000323,19,Other,64809.63348884937,Florida,2025-05-29 21:01:13.953725,22
CUST_000324,28,Other,22298.413482928976,California,2023-01-10 21:01:13.953761,892
CUST_000325,55,Other,41499.95881234841,California,2022-11-06 21:01:13.953795,957
CUST_000326,52,Male,31226.90863714334,Florida,2024-11-24 21:01:13.953829,208
CUST_000327,44,Female,71656.46906109889,New York,2023-09-02 21:01:13.953862,657
CUST_000328,46,Male,47620.1675619712,California,2024-12-03 21:01:13.953896,199
CUST_000329,20,Male,32200.37723952429,Florida,2023-07-28 21:01:13.953929,693
CUST_000330,41,Female,68738.02651231301,New York,2023-06-17 21:01:13.953963,734
CUST_000331,31,Other,57371.06850529246,New York,2023-01-08 21:01:13.954002,894
CUST_000332,61,Male,49397.63074033485,Illinois,2025-02-23 21:01:13.954042,117
CUST_000333,19,Other,28538.37346822928,Illinois,2023-06-30 21:01:13.954077,721
CUST_000334,25,Male,47404.47681954623,Texas,2024-08-23 21:01:13.954111,301
CUST_000335,42,Male,39677.60464849591,Florida,2025-03-10 21:01:13.954145,102
CUST_000336,58,Other,35495.3578530618,New York,2023-11-10 21:01:13.954179,588
CUST_000337,74,Female,49284.3296578703,Florida,2023-08-30 21:01:13.954212,660
CUST_000338,50,Female,50937.54099874214,New York,2022-10-21 21:01:13.954246,973
CUST_000339,47,Male,38292.889905119846,Illinois,2025-02-24 21:01:13.954279,116
CUST_000340,43,Female,59481.74151902567,California,2025-03-06 21:01:13.954313,106
CUST_000341,72,Male,35318.5002820812,Texas,2024-08-07 21:01:13.954347,317
CUST_000342,20,Other,50894.45554880261,California,2023-07-05 21:01:13.954380,716
CUST_000343,25,Female,40295.94833441639,Florida,2024-08-06 21:01:13.954414,318
CUST_000344,37,Female,44968.81784458714,Texas,2025-03-28 21:01:13.954448,84
CUST_000345,33,Female,86200.90872675704,California,2025-05-29 21:01:13.954481,22
CUST_000346,43,Other,56020.154405371846,California,2025-06-06 21:01:13.954514,14
CUST_000347,28,Female,82737.60536265631,Florida,2025-03-25 21:01:13.954547,87
CUST_000348,29,Male,85528.38691968788,Texas,2023-12-01 21:01:13.954599,567
CUST_000349,63,Male,43639.42127000752,Illinois,2023-09-28 21:01:13.954642,631
CUST_000350,70,Other,57589.86664939302,Texas,2023-09-16 21:01:13.954676,643
CUST_000351,45,Female,20038.8298481074,Texas,2025-05-16 21:01:13.954724,35
CUST_000352,78,Male,29829.718621340988,Florida,2023-03-26 21:01:13.954760,817
CUST_000353,47,Male,44447.44054169914,California,2022-11-06 21:01:13.954795,957
CUST_000354,41,Male,31613.51505496488,Florida,2022-11-07 21:01:13.954829,956
CUST_000355,41,Female,28034.37679685269,New York,2022-11-16 21:01:13.954863,947
CUST_000356,49,Male,75258.91537186803,Florida,2023-11-20 21:01:13.954897,578
CUST_000357,32,Female,43116.7360569659,Florida,2023-05-08 21:01:13.954931,774
CUST_000358,56,Female,30841.69301115375,California,2023-12-16 21:01:13.954965,552
CUST_000359,38,Other,26768.302662316823,New York,2023-02-04 21:01:13.954999,867
CUST_000360,43,Female,41745.42269231869,California,2024-06-10 21:01:13.955033,375
CUST_000361,54,Male,39925.64948092923,Illinois,2023-12-15 21:01:13.955067,553
CUST_000362,79,Female,47649.04402666212,New York,2025-03-28 21:01:13.955102,84
CUST_000363,19,Other,65936.0226481268,New York,2023-01-11 21:01:13.955142,891
CUST_000364,42,Male,65705.13761964971,Illinois,2024-03-28 21:01:13.955190,449
CUST_000365,57,Male,45571.066509384655,Texas,2025-06-10 21:01:13.955224,10
CUST_000366,20,Female,51152.32836590383,California,2023-02-27 21:01:13.955259,844
CUST_000367,47,Male,30755.116637171457,New York,2025-02-07 21:01:13.955293,133
CUST_000368,37,Other,30552.473487787563,Texas,2022-11-30 21:01:13.955326,933
CUST_000369,64,Male,27311.06748741776,Florida,2025-01-06 21:01:13.955360,165
CUST_000370,66,Male,42984.30841788715,Florida,2024-10-12 21:01:13.955399,251
CUST_000371,78,Female,76867.1568029394,California,2022-10-25 21:01:13.955433,969
CUST_000372,54,Female,60989.60115823369,Illinois,2025-01-10 21:01:13.955467,161
CUST_000373,66,Other,48789.25129837127,Florida,2024-02-16 21:01:13.955500,490
CUST_000374,37,Male,79575.03125692725,California,2024-11-15 21:01:13.955539,217
CUST_000375,67,Male,46802.96994999018,New York,2025-05-12 21:01:13.955573,39
CUST_000376,48,Other,18176.66087916774,Florida,2025-01-20 21:01:13.955628,151
CUST_000377,79,Male,54394.90291177934,Florida,2024-07-19 21:01:13.955663,336
CUST_000378,67,Female,39009.73713113571,Illinois,2025-02-11 21:01:13.955697,129
CUST_000379,72,Male,57581.40719937227,Illinois,2024-02-11 21:01:13.955731,495
CUST_000380,39,Other,63051.01596033132,California,2024-04-19 21:01:13.955764,427
CUST_000381,27,Female,57435.22831958907,California,2022-10-16 21:01:13.955798,978
CUST_000382,34,Female,53016.48570072452,Florida,2022-10-07 21:01:13.955838,987
CUST_000383,25,Male,65759.81594011417,Florida,2023-04-11 21:01:13.955872,801
CUST_000384,18,Other,62587.77301574468,Florida,2022-11-01 21:01:13.955906,962
CUST_000385,67,Female,77230.59027240358,New York,2025-01-10 21:01:13.955939,161
CUST_000386,58,Male,54820.35823175409,Illinois,2025-01-12 21:01:13.955973,159
CUST_000387,58,Other,56328.81131352927,Florida,2023-10-19 21:01:13.956006,610
CUST_000388,78,Female,67842.05733386961,California,2023-11-04 21:01:13.956040,594
CUST_000389,30,Male,31585.88277294511,Texas,2024-06-20 21:01:13.956075,365
CUST_000390,28,Male,51807.49938183952,New York,2023-06-26 21:01:13.956117,725
CUST_000391,32,Male,34569.88500306374,Florida,2023-07-10 21:01:13.956153,711
CUST_000392,32,Male,63122.51657403697,New York,2024-08-19 21:01:13.956188,305
CUST_000393,49,Male,17645.290329504904,Texas,2022-11-23 21:01:13.956223,940
CUST_000394,55,Female,32172.69917110352,California,2022-11-01 21:01:13.956257,962
CUST_000395,63,Male,54681.19128229504,Texas,2025-03-27 21:01:13.956295,85
CUST_000396,43,Female,43186.33587270106,California,2023-08-25 21:01:13.956331,665
CUST_000397,29,Male,49700.96907131285,California,2024-08-20 21:01:13.956366,304
CUST_000398,54,Other,84929.28512632349,California,2024-06-21 21:01:13.956400,364
CUST_000399,76,Other,60877.27099072612,Illinois,2025-05-30 21:01:13.956434,21
CUST_000400,40,Other,46209.71467998554,Texas,2025-04-30 21:01:13.956473,51
CUST_000401,32,Male,55881.26794551304,Illinois,2024-03-07 21:01:13.956510,470
CUST_000402,36,Female,55856.035158744,Illinois,2023-12-04 21:01:13.956544,564
CUST_000403,63,Other,33349.42842362822,Illinois,2023-05-31 21:01:13.956578,751
CUST_000404,45,Other,37566.07878701117,California,2025-06-18 21:01:13.956634,2
CUST_000405,66,Male,52452.1621875118,Florida,2025-03-22 21:01:13.956669,90
CUST_000406,42,Female,58250.78148536828,California,2025-05-12 21:01:13.956703,39
CUST_000407,30,Other,35474.83317704547,New York,2022-11-25 21:01:13.956737,938
CUST_000408,78,Female,47842.31343632055,New York,2024-12-30 21:01:13.956771,172
CUST_000409,73,Male,61943.13212678782,California,2023-12-09 21:01:13.956812,559
CUST_000410,76,Male,68092.30093505888,Florida,2022-12-28 21:01:13.956847,905
CUST_000411,43,Male,55759.57328820293,California,2022-10-10 21:01:13.956881,984
CUST_000412,75,Male,31342.051469130725,Illinois,2023-11-18 21:01:13.956916,580
CUST_000413,67,Other,39606.42203306139,Florida,2025-04-21 21:01:13.956950,60
CUST_000414,56,Female,58800.1731279512,California,2022-10-01 21:01:13.956984,993
CUST_000415,72,Female,60215.09358112336,Illinois,2023-08-03 21:01:13.957018,687
CUST_000416,66,Other,48796.11430688681,Illinois,2022-10-17 21:01:13.957052,977
CUST_000417,39,Male,66399.06358189895,Texas,2022-10-06 21:01:13.957086,988
CUST_000418,24,Other,41637.623224882496,Illinois,2024-04-05 21:01:13.957120,441
CUST_000419,79,Male,29452.955306313837,California,2024-08-04 21:01:13.957153,320
CUST_000420,52,Other,37944.88148045404,Illinois,2025-01-04 21:01:13.957192,167
CUST_000421,58,Male,74586.75208166102,Texas,2022-09-25 21:01:13.957227,999
CUST_000422,41,Female,54540.28023493979,California,2024-09-05 21:01:13.957261,288
CUST_000423,56,Male,41987.77475467855,Florida,2023-06-07 21:01:13.957295,744
CUST_000424,54,Male,25527.48767923753,New York,2023-01-11 21:01:13.957329,891
CUST_000425,23,Male,73714.31442354803,Florida,2023-05-01 21:01:13.957367,781
CUST_000426,66,Female,42186.29270994973,Illinois,2023-05-06 21:01:13.957402,776
CUST_000427,55,Female,53081.42894407204,Texas,2023-03-31 21:01:13.957440,812
CUST_000428,78,Female,68415.03488709938,Florida,2023-05-12 21:01:13.957476,770
CUST_000429,55,Male,31855.38471963192,Texas,2024-07-01 21:01:13.957515,354
CUST_000430,40,Female,63026.65266111493,California,2023-12-20 21:01:13.957550,548
CUST_000431,22,Male,23059.565202753867,Illinois,2024-09-06 21:01:13.957599,287
CUST_000432,64,Male,45097.45560406797,New York,2025-04-26 21:01:13.957639,55
CUST_000433,33,Male,32153.576874018498,Florida,2023-09-11 21:01:13.957674,648
CUST_000434,37,Other,33615.308529911315,Illinois,2022-10-14 21:01:13.957708,980
CUST_000435,57,Male,45253.87325457797,New York,2024-09-07 21:01:13.957742,286
CUST_000436,38,Female,62199.44864874616,New York,2023-04-28 21:01:13.957776,784
CUST_000437,29,Female,39705.213865263264,Florida,2023-06-13 21:01:13.957809,738
CUST_000438,78,Female,45637.90879783944,Illinois,2023-11-20 21:01:13.957843,578
CUST_000439,58,Male,43882.65370897183,California,2022-10-07 21:01:13.957877,987
CUST_000440,74,Male,69651.09641656779,California,2024-12-06 21:01:13.957910,196
CUST_000441,35,Other,50587.458565427885,Texas,2024-05-10 21:01:13.957944,406
CUST_000442,60,Other,51227.44037821348,Texas,2025-01-13 21:01:13.957978,158
CUST_000443,41,Female,48516.65520213286,Texas,2023-02-23 21:01:13.958012,848
CUST_000444,24,Female,47375.60364956887,California,2023-02-12 21:01:13.958046,859
CUST_000445,19,Other,38663.82260760733,California,2024-11-26 21:01:13.958080,206
CUST_000446,37,Female,66288.43348747367,New York,2024-10-10 21:01:13.958114,253
CUST_000447,71,Male,57120.47349319929,Florida,2025-03-17 21:01:13.958147,95
CUST_000448,31,Male,70853.1132352597,Illinois,2024-04-10 21:01:13.958187,436
CUST_000449,20,Other,58367.154595277934,New York,2022-12-31 21:01:13.958221,902
CUST_000450,42,Male,40857.31696761075,California,2022-10-30 21:01:13.958258,964
CUST_000451,42,Other,47195.43045521831,Florida,2024-12-29 21:01:13.958293,173
CUST_000452,77,Male,60886.50234744549,Illinois,2025-05-08 21:01:13.958327,43
CUST_000453,79,Female,43115.6467126314,Florida,2023-08-27 21:01:13.958361,663
CUST_000454,36,Other,39669.99867555585,Texas,2023-07-31 21:01:13.958394,690
CUST_000455,78,Other,49060.14565696333,New York,2022-10-11 21:01:13.958428,983
CUST_000456,36,Male,40798.96004688591,Florida,2023-10-20 21:01:13.958462,609
CUST_000457,21,Other,45462.95470267808,New York,2025-03-11 21:01:13.958496,101
CUST_000458,56,Male,57492.904776431125,California,2025-04-18 21:01:13.958530,63
CUST_000459,54,Other,84330.23103196509,Illinois,2024-02-23 21:01:13.958569,483
CUST_000460,24,Other,68117.13962691503,Illinois,2023-10-31 21:01:13.958625,598
CUST_000461,22,Female,45250.24956108158,California,2023-11-24 21:01:13.958661,574
CUST_000462,44,Male,41806.33327621276,Illinois,2025-04-16 21:01:13.958696,65
CUST_000463,30,Male,55877.0600810382,California,2024-10-21 21:01:13.958730,242
CUST_000464,62,Male,48164.79646038342,New York,2023-07-21 21:01:13.958764,700
CUST_000465,28,Other,43472.65103217872,Illinois,2024-08-16 21:01:13.958798,308
CUST_000466,72,Male,32104.10067634645,Florida,2023-10-05 21:01:13.958837,624
CUST_000467,77,Female,49398.6723101517,Texas,2023-06-06 21:01:13.958871,745
CUST_000468,46,Male,72067.55491240413,Illinois,2023-10-04 21:01:13.958910,625
CUST_000469,58,Male,46860.14484272201,New York,2024-04-21 21:01:13.958944,425
CUST_000470,18,Female,26012.95270329481,California,2024-10-21 21:01:13.958978,242
CUST_000471,75,Male,43899.15375430124,Florida,2023-07-06 21:01:13.959012,715
CUST_000472,72,Female,35769.17265618312,New York,2025-04-02 21:01:13.959046,79
CUST_000473,34,Other,17572.31807371054,Illinois,2024-03-10 21:01:13.959080,467
CUST_000474,22,Male,40934.913926550325,New York,2025-03-25 21:01:13.959114,87
CUST_000475,60,Male,48862.7390627268,Illinois,2024-04-11 21:01:13.959148,435
CUST_000476,41,Other,37962.60900182529,Florida,2023-09-08 21:01:13.959186,651
CUST_000477,69,Other,69482.16987270578,Texas,2024-05-25 21:01:13.959221,391
CUST_000478,68,Other,67785.56231994496,California,2023-12-18 21:01:13.959255,550
CUST_000479,64,Male,60784.299659976,New York,2024-07-26 21:01:13.959289,329
CUST_000480,19,Other,45159.802417367966,Florida,2023-11-08 21:01:13.959322,590
CUST_000481,58,Male,46237.50475317429,New York,2024-06-07 21:01:13.959356,378
CUST_000482,72,Female,45371.75597489319,Florida,2023-09-07 21:01:13.959390,652
CUST_000483,44,Female,60304.19738970833,Illinois,2023-07-28 21:01:13.959423,693
CUST_000484,49,Other,85454.50165513076,California,2024-01-14 21:01:13.959457,523
CUST_000485,27,Other,56320.39352073502,New York,2022-11-27 21:01:13.959491,936
CUST_000486,35,Other,46421.99829736,Florida,2022-10-09 21:01:13.959524,985
CUST_000487,67,Female,38314.79235449462,Florida,2024-05-02 21:01:13.959563,414
CUST_000488,37,Male,49311.78827028622,New York,2023-01-14 21:01:13.959617,888
CUST_000489,38,Other,80644.76788026885,California,2023-12-24 21:01:13.959654,544
CUST_000490,47,Other,44750.32809268375,California,2025-01-22 21:01:13.959689,149
CUST_000491,30,Female,58242.121887481015,Illinois,2023-09-21 21:01:13.959729,638
CUST_000492,25,Female,63328.98320496312,Florida,2023-06-15 21:01:13.959763,736
CUST_000493,28,Female,61016.73550231482,Texas,2024-07-10 21:01:13.959797,345
CUST_000494,39,Male,41897.69917438623,Illinois,2024-03-14 21:01:13.959831,463
CUST_000495,69,Other,54710.79451399789,California,2023-10-22 21:01:13.959865,607
CUST_000496,32,Other,43637.01466957833,Texas,2024-04-25 21:01:13.959899,421
CUST_000497,78,Male,35897.7662834493,Texas,2023-07-18 21:01:13.959933,703
CUST_000498,71,Other,65029.2840168765,Illinois,2025-03-01 21:01:13.959966,111
CUST_000499,25,Female,53075.40030592818,California,2023-09-03 21:01:13.960000,656
CUST_000500,25,Male,58086.98154774208,Florida,2025-03-08 21:01:13.960033,104
CUST_000501,52,Female,55124.43829053672,California,2024-02-15 21:01:13.960067,491
CUST_000502,42,Female,61388.164998797496,Texas,2022-12-10 21:01:13.960107,923
CUST_000503,19,Male,58758.29441562969,Illinois,2024-05-23 21:01:13.960142,393
CUST_000504,69,Female,53464.00161244992,Florida,2024-11-23 21:01:13.960176,209
CUST_000505,31,Female,53546.37014393673,New York,2024-04-28 21:01:13.960210,418
CUST_000506,70,Male,66895.50291493408,Texas,2025-03-11 21:01:13.960244,101
CUST_000507,75,Other,61760.49770697656,Illinois,2025-02-08 21:01:13.960284,132
CUST_000508,37,Female,53370.27088627829,Illinois,2023-06-09 21:01:13.960319,742
CUST_000509,38,Female,63988.86247809635,Illinois,2024-11-30 21:01:13.960353,202
CUST_000510,55,Female,67498.22886465509,Florida,2024-09-20 21:01:13.960388,273
CUST_000511,72,Other,41405.03292513581,Florida,2024-11-11 21:01:13.960422,221
CUST_000512,31,Other,51896.73534235194,Florida,2023-01-02 21:01:13.960456,900
CUST_000513,73,Female,39680.9391880426,California,2023-08-20 21:01:13.960489,670
CUST_000514,35,Other,61675.41614249957,New York,2024-08-05 21:01:13.960523,319
CUST_000515,63,Other,41732.214255072,Illinois,2025-04-05 21:01:13.960557,76
CUST_000516,47,Female,64217.38704255824,Texas,2024-04-14 21:01:13.960614,432
CUST_000517,62,Female,60230.51675065889,New York,2024-12-19 21:01:13.960651,183
CUST_000518,50,Female,41260.44688550822,Florida,2023-05-19 21:01:13.960685,763
CUST_000519,64,Other,47431.26236844371,New York,2025-02-22 21:01:13.960719,118
CUST_000520,62,Male,77927.08675504447,Texas,2024-05-17 21:01:13.960753,399
CUST_000521,23,Other,33849.64746162305,Florida,2025-04-06 21:01:13.960787,75
CUST_000522,56,Male,55342.50315837264,Texas,2022-10-21 21:01:13.960821,973
CUST_000523,60,Male,50730.12257490239,Illinois,2023-07-11 21:01:13.960861,710
CUST_000524,34,Other,54847.515712771725,California,2023-12-21 21:01:13.960897,547
CUST_000525,63,Female,47785.96120551997,Texas,2023-11-17 21:01:13.960931,581
CUST_000526,46,Male,9288.390492633704,Illinois,2024-06-29 21:01:13.960970,356
CUST_000527,23,Female,38007.5250025477,Florida,2023-09-21 21:01:13.961008,638
CUST_000528,56,Other,6930.760055638079,New York,2023-10-17 21:01:13.961043,612
CUST_000529,23,Male,47586.426379262106,Florida,2024-06-21 21:01:13.961077,364
CUST_000530,77,Male,61491.20417577036,Florida,2023-06-26 21:01:13.961112,725
CUST_000531,47,Female,68403.99835826461,Florida,2022-12-30 21:01:13.961146,903
CUST_000532,52,Other,46602.8166214771,California,2023-06-22 21:01:13.961190,729
CUST_000533,30,Female,55510.48260224267,Florida,2023-03-02 21:01:13.961224,841
CUST_000534,62,Other,51524.66431534265,New York,2022-10-07 21:01:13.961258,987
CUST_000535,24,Female,33034.604127620856,California,2023-08-18 21:01:13.961292,672
CUST_000536,73,Other,51004.86075837308,Illinois,2024-04-20 21:01:13.961327,426
CUST_000537,43,Female,57739.08826556149,New York,2025-01-06 21:01:13.961360,165
CUST_000538,75,Male,61913.970194327405,California,2022-11-30 21:01:13.961394,933
CUST_000539,41,Male,31185.658652461258,Texas,2024-06-14 21:01:13.961428,371
CUST_000540,42,Male,25773.02276141736,New York,2025-01-10 21:01:13.961462,161
CUST_000541,67,Male,67471.09031685758,Florida,2023-01-07 21:01:13.961495,895
CUST_000542,59,Male,53008.53795846414,New York,2023-08-26 21:01:13.961529,664
CUST_000543,78,Male,67229.56024143074,California,2025-05-23 21:01:13.961563,28
CUST_000544,75,Other,52646.62332915838,New York,2023-10-19 21:01:13.961615,610
CUST_000545,23,Female,44494.58241375016,California,2023-11-21 21:01:13.961651,577
CUST_000546,27,Male,56063.85792520178,New York,2025-04-15 21:01:13.961691,66
CUST_000547,27,Female,36739.7681816119,Texas,2023-09-22 21:01:13.961725,637
CUST_000548,56,Female,64167.36458586795,Florida,2023-11-27 21:01:13.961763,571
CUST_000549,27,Other,39661.56394674715,Texas,2023-03-12 21:01:13.961799,831
CUST_000550,66,Other,51926.77606396629,Florida,2023-01-24 21:01:13.961833,878
CUST_000551,69,Female,65987.91498142456,Illinois,2025-04-02 21:01:13.961872,79
CUST_000552,39,Female,45622.83096626684,California,2023-04-16 21:01:13.961911,796
CUST_000553,43,Male,26552.137869550144,California,2022-12-12 21:01:13.961947,921
CUST_000554,73,Female,30755.91006052558,California,2024-11-05 21:01:13.961981,227
CUST_000555,23,Other,36171.935425951066,Florida,2023-04-21 21:01:13.962020,791
CUST_000556,42,Other,69642.09344526069,Texas,2023-05-03 21:01:13.962055,779
CUST_000557,73,Female,41477.86505248498,Florida,2024-03-01 21:01:13.962089,476
CUST_000558,58,Male,67822.18602060476,California,2023-12-14 21:01:13.962123,554
CUST_000559,77,Female,58051.15434518692,Florida,2024-05-30 21:01:13.962157,386
CUST_000560,24,Other,61833.489470501765,Texas,2025-05-11 21:01:13.962191,40
CUST_000561,55,Male,45921.31998389846,Florida,2025-02-11 21:01:13.962225,129
CUST_000562,72,Male,61726.98966969368,Illinois,2024-10-03 21:01:13.962259,260
CUST_000563,47,Female,58515.30126401878,Texas,2023-12-24 21:01:13.962294,544
CUST_000564,26,Other,57819.42935893634,Illinois,2023-01-15 21:01:13.962327,887
CUST_000565,70,Male,50087.15837813675,Illinois,2025-01-09 21:01:13.962366,162
CUST_000566,21,Female,55848.30229208593,Texas,2024-07-02 21:01:13.962401,353
CUST_000567,21,Male,38414.453235285495,Florida,2022-12-03 21:01:13.962435,930
CUST_000568,43,Female,54400.909334628544,Florida,2024-02-29 21:01:13.962470,477
CUST_000569,26,Female,48875.52573741428,California,2023-09-13 21:01:13.962503,646
CUST_000570,36,Male,69756.72601009798,Florida,2024-03-20 21:01:13.962537,457
CUST_000571,38,Female,48228.97209513382,Texas,2023-11-10 21:01:13.962571,588
CUST_000572,45,Female,58187.25761843023,California,2024-12-12 21:01:13.962625,190
CUST_000573,50,Male,37401.78655233897,Texas,2023-07-29 21:01:13.962661,692
CUST_000574,51,Male,38239.46187509039,Texas,2022-11-10 21:01:13.962696,953
CUST_000575,40,Female,59129.58244810992,New York,2023-03-06 21:01:13.962730,837
CUST_000576,61,Other,42844.9643013056,New York,2023-06-27 21:01:13.962764,724
CUST_000577,78,Female,59996.75475070084,California,2024-02-23 21:01:13.962798,483
CUST_000578,57,Other,54249.31807319213,Florida,2025-06-19 21:01:13.962837,1
CUST_000579,25,Other,46116.42539443884,Texas,2024-01-21 21:01:13.962872,516
CUST_000580,75,Male,41073.47308767921,Illinois,2024-11-05 21:01:13.962906,227
CUST_000581,74,Male,31812.844630281357,Illinois,2024-08-22 21:01:13.962944,302
CUST_000582,69,Female,47018.91445975065,New York,2023-02-04 21:01:13.962980,867
CUST_000583,77,Male,54502.33377493588,California,2025-02-25 21:01:13.963015,115
CUST_000584,50,Female,60088.60551804097,Texas,2024-07-01 21:01:13.963049,354
CUST_000585,73,Female,78498.22902342823,Florida,2024-02-05 21:01:13.963089,501
CUST_000586,25,Female,53794.0522139762,Texas,2023-11-02 21:01:13.963124,596
CUST_000587,66,Male,49048.30904083781,California,2023-10-15 21:01:13.963163,614
CUST_000588,40,Female,43471.66650799057,Texas,2023-01-03 21:01:13.963198,899
CUST_000589,59,Other,61258.802807536646,New York,2024-09-09 21:01:13.963232,284
CUST_000590,37,Male,63329.9413032644,Florida,2023-04-25 21:01:13.963266,787
CUST_000591,64,Female,42098.66851017514,Illinois,2023-03-14 21:01:13.963299,829
CUST_000592,53,Male,21721.999219683243,Texas,2023-03-22 21:01:13.963333,821
CUST_000593,52,Male,45555.98834736677,Texas,2024-07-21 21:01:13.963367,334
CUST_000594,47,Male,56424.69443710245,New York,2023-09-27 21:01:13.963402,632
CUST_000595,72,Male,63487.03570531238,New York,2024-04-14 21:01:13.963436,432
CUST_000596,47,Other,62785.27035341709,Illinois,2023-05-15 21:01:13.963470,767
CUST_000597,38,Male,39732.22681674546,Florida,2023-02-02 21:01:13.963503,869
CUST_000598,20,Male,52723.80268923185,New York,2024-07-31 21:01:13.963537,324
CUST_000599,52,Male,75637.41849467318,California,2023-06-23 21:01:13.963571,728
CUST_000600,49,Male,33193.660101325746,Texas,2025-05-25 21:01:13.963625,26
CUST_000601,69,Male,48350.93426944725,Illinois,2023-03-24 21:01:13.963661,819
CUST_000602,55,Male,34783.716842480004,Florida,2023-12-28 21:01:13.963695,540
CUST_000603,21,Female,61743.0536537202,Florida,2022-11-22 21:01:13.963730,941
CUST_000604,20,Female,36560.01789778247,Texas,2022-11-12 21:01:13.963775,951
CUST_000605,58,Male,36036.78208709894,New York,2023-06-29 21:01:13.963846,722
CUST_000606,34,Male,40823.46363642072,Texas,2024-06-05 21:01:13.963882,380
CUST_000607,59,Male,49444.44804427382,New York,2025-03-19 21:01:13.963917,93
CUST_000608,62,Male,41560.79775757016,Illinois,2023-02-19 21:01:13.963951,852
CUST_000609,73,Male,84173.73054771872,Illinois,2023-07-20 21:01:13.963986,701
CUST_000610,55,Male,66267.19374609606,New York,2023-07-17 21:01:13.964020,704
CUST_000611,79,Female,41337.04859738669,Texas,2023-03-21 21:01:13.964054,822
CUST_000612,79,Male,38312.72522107554,New York,2024-01-08 21:01:13.964088,529
CUST_000613,41,Male,47085.02681869507,Texas,2023-11-27 21:01:13.964123,571
CUST_000614,56,Other,49721.62991350899,Texas,2024-02-12 21:01:13.964156,494
CUST_000615,36,Other,66142.19468960019,Illinois,2025-02-13 21:01:13.964191,127
CUST_000616,63,Male,29334.48840324721,Florida,2023-11-14 21:01:13.964225,584
CUST_000617,25,Male,22130.11937563393,Illinois,2025-03-03 21:01:13.964259,109
CUST_000618,29,Male,63818.71527365518,Florida,2024-10-13 21:01:13.964298,250
CUST_000619,22,Male,41864.41517841807,Texas,2024-12-28 21:01:13.964334,174
CUST_000620,40,Female,74183.30942383136,California,2024-07-31 21:01:13.964369,324
CUST_000621,47,Male,63452.58973798298,Florida,2023-11-04 21:01:13.964405,594
CUST_000622,54,Other,66980.52479442554,New York,2023-06-14 21:01:13.964439,737
CUST_000623,29,Female,82986.47270835054,Texas,2023-09-04 21:01:13.964474,655
CUST_000624,58,Other,76731.17477092223,California,2024-03-27 21:01:13.964513,450
CUST_000625,68,Other,34022.22973874831,Illinois,2024-09-27 21:01:13.964548,266
CUST_000626,31,Female,45481.17147009798,Texas,2023-09-30 21:01:13.964598,629
CUST_000627,19,Male,45239.81610907088,Texas,2022-12-21 21:01:13.964638,912
CUST_000628,47,Female,49501.550140333085,Texas,2024-10-28 21:01:13.964673,235
CUST_000629,18,Other,46878.2471409119,Illinois,2022-10-19 21:01:13.964713,975
CUST_000630,43,Male,52397.84587996101,New York,2024-09-14 21:01:13.964749,279
CUST_000631,41,Male,34584.87288611063,Florida,2024-09-16 21:01:13.964784,277
CUST_000632,71,Other,77603.25702262987,New York,2022-11-14 21:01:13.964818,949
CUST_000633,55,Female,38817.89761906827,Florida,2024-06-21 21:01:13.964853,364
CUST_000634,51,Other,82862.37739809128,New York,2025-04-18 21:01:13.964887,63
CUST_000635,40,Other,29322.05974935129,California,2023-03-18 21:01:13.964921,825
CUST_000636,71,Male,70956.19251099974,Florida,2022-11-30 21:01:13.964961,933
CUST_000637,24,Male,96307.32725297609,New York,2024-12-09 21:01:13.964995,193
CUST_000638,64,Other,50743.6778072706,Florida,2024-04-27 21:01:13.965029,419
CUST_000639,60,Other,47579.83682522309,Texas,2025-02-14 21:01:13.965063,126
CUST_000640,28,Male,68331.8495355958,Florida,2024-02-20 21:01:13.965097,486
CUST_000641,18,Other,51667.58240434304,Florida,2023-10-04 21:01:13.965131,625
CUST_000642,62,Female,42892.409793936255,Texas,2023-11-19 21:01:13.965165,579
CUST_000643,28,Male,49783.21593682581,Florida,2023-08-24 21:01:13.965204,666
CUST_000644,44,Female,48674.55561191997,California,2023-12-05 21:01:13.965243,563
CUST_000645,67,Female,44449.83455176809,Texas,2025-02-15 21:01:13.965277,125
CUST_000646,32,Male,58413.79171911858,Illinois,2023-12-19 21:01:13.965311,549
CUST_000647,59,Male,45567.7952295626,Texas,2025-03-25 21:01:13.965344,87
CUST_000648,23,Female,26905.0022109002,Florida,2025-04-12 21:01:13.965378,69
CUST_000649,54,Male,27705.84455074559,New York,2022-12-24 21:01:13.965412,909
CUST_000650,51,Male,59570.76652161136,Texas,2023-01-03 21:01:13.965450,899
CUST_000651,59,Female,57512.66712416685,Illinois,2023-12-05 21:01:13.965486,563
CUST_000652,75,Male,80499.40654199685,Illinois,2024-08-24 21:01:13.965520,300
CUST_000653,28,Other,51280.304283317135,Florida,2024-02-07 21:01:13.965555,499
CUST_000654,18,Other,47422.05520305062,California,2025-02-01 21:01:13.965612,139
CUST_000655,53,Other,33377.53203213797,Illinois,2024-09-20 21:01:13.965653,273
CUST_000656,52,Female,66514.39452497856,California,2023-04-25 21:01:13.965687,787
CUST_000657,54,Other,79375.21181330891,Illinois,2024-01-17 21:01:13.965721,520
CUST_000658,45,Male,89665.15020525552,Texas,2025-04-17 21:01:13.965755,64
CUST_000659,44,Male,27455.4450740727,California,2024-09-26 21:01:13.965789,267
CUST_000660,71,Male,41818.31001590384,Texas,2024-02-19 21:01:13.965824,487
CUST_000661,45,Male,49264.49939849783,New York,2024-12-18 21:01:13.965858,184
CUST_000662,37,Male,48130.733057148056,Florida,2023-06-03 21:01:13.965892,748
CUST_000663,69,Female,32411.125867208862,California,2024-11-04 21:01:13.965932,228
CUST_000664,55,Other,59596.80997693306,Texas,2023-07-06 21:01:13.965967,715
CUST_000665,74,Other,39120.96533058393,California,2024-03-12 21:01:13.966001,465
CUST_000666,68,Male,49176.5899907557,Texas,2023-08-03 21:01:13.966036,687
CUST_000667,64,Other,54283.311122864856,Illinois,2025-01-08 21:01:13.966070,163
CUST_000668,65,Other,67487.09028812578,Texas,2023-11-23 21:01:13.966103,575
CUST_000669,55,Other,46933.17530472163,Texas,2023-03-06 21:01:13.966138,837
CUST_000670,30,Other,59838.51164794641,California,2024-02-26 21:01:13.966172,480
CUST_000671,39,Male,52921.04292078162,Texas,2023-03-08 21:01:13.966206,835
CUST_000672,71,Female,43850.5924422084,Florida,2024-12-08 21:01:13.966240,194
CUST_000673,58,Other,38793.828810475374,New York,2023-06-17 21:01:13.966275,734
CUST_000674,64,Other,41965.799923618826,Texas,2025-04-16 21:01:13.966313,65
CUST_000675,53,Male,62849.256569385165,Illinois,2025-06-19 21:01:13.966349,1
CUST_000676,32,Male,57000.88201388156,New York,2023-08-14 21:01:13.966384,676
CUST_000677,52,Female,57289.43424390907,New York,2023-04-10 21:01:13.966418,802
CUST_000678,63,Female,25396.000411620254,Texas,2024-06-30 21:01:13.966452,355
CUST_000679,25,Other,25511.6239551186,Florida,2022-10-21 21:01:13.966486,973
CUST_000680,62,Female,55859.19766594042,New York,2024-06-10 21:01:13.966526,375
CUST_000681,51,Female,61893.99410728877,Florida,2023-09-03 21:01:13.966562,656
CUST_000682,55,Female,47579.53440485704,Florida,2024-09-03 21:01:13.966623,290
CUST_000683,56,Other,39356.41560570163,Texas,2023-09-29 21:01:13.966661,630
CUST_000684,46,Other,26888.104363537,New York,2023-08-20 21:01:13.966696,670
CUST_000685,70,Male,48012.24980687155,Illinois,2024-05-13 21:01:13.966730,403
CUST_000686,70,Other,37179.90582542875,New York,2024-12-19 21:01:13.966763,183
CUST_000687,40,Female,55025.556878937015,California,2025-06-10 21:01:13.966797,10
CUST_000688,53,Female,53144.891229119385,California,2024-05-04 21:01:13.966831,412
CUST_000689,63,Male,42625.45721551929,Florida,2024-11-27 21:01:13.966865,205
CUST_000690,76,Other,39567.9615301758,California,2023-02-21 21:01:13.966900,850
CUST_000691,73,Female,73356.47810936312,Texas,2023-01-29 21:01:13.966934,873
CUST_000692,29,Male,40607.1495166765,New York,2024-07-12 21:01:13.966968,343
CUST_000693,41,Female,50230.68472058159,New York,2024-05-26 21:01:13.967002,390
CUST_000694,22,Male,47458.26143774948,New York,2022-12-10 21:01:13.967036,923
CUST_000695,51,Female,52243.96217110331,Texas,2025-01-30 21:01:13.967070,141
CUST_000696,36,Male,59049.29050510695,Texas,2024-04-25 21:01:13.967104,421
CUST_000697,34,Female,47455.48821357267,California,2022-12-08 21:01:13.967138,925
CUST_000698,50,Other,56922.686075237136,Illinois,2022-12-16 21:01:13.967173,917
CUST_000699,60,Male,63552.21062811022,Illinois,2022-12-04 21:01:13.967206,929
CUST_000700,41,Other,51329.86386442156,New York,2024-01-04 21:01:13.967240,533
CUST_000701,37,Other,52959.73561108393,Texas,2023-09-07 21:01:13.967274,652
CUST_000702,54,Female,49947.3801198719,Florida,2023-12-15 21:01:13.967313,553
CUST_000703,52,Other,35449.94048736436,California,2023-05-14 21:01:13.967348,768
CUST_000704,31,Other,42377.897035290334,New York,2025-06-07 21:01:13.967382,13
CUST_000705,35,Male,47783.29521773793,Illinois,2025-03-12 21:01:13.967416,100
CUST_000706,48,Female,59333.10716065103,Texas,2023-03-21 21:01:13.967455,822
CUST_000707,73,Female,32917.50323328846,New York,2025-03-12 21:01:13.967491,100
CUST_000708,62,Other,26693.618509759035,Florida,2024-09-19 21:01:13.967525,274
CUST_000709,20,Female,62268.34487037543,Florida,2022-11-23 21:01:13.967559,940
CUST_000710,38,Female,52884.39467212844,Florida,2024-10-28 21:01:13.967611,235
CUST_000711,52,Male,47776.656836123446,New York,2025-05-02 21:01:13.967648,49
CUST_000712,71,Female,23842.278250506533,Illinois,2023-11-12 21:01:13.967682,586
CUST_000713,63,Male,51785.27609080962,Illinois,2025-03-10 21:01:13.967716,102
CUST_000714,41,Female,46729.4618270267,New York,2023-05-02 21:01:13.967755,780
CUST_000715,71,Male,10417.872496101503,Texas,2024-05-07 21:01:13.967791,409
CUST_000716,53,Female,80268.61945749857,Florida,2025-02-21 21:01:13.967825,119
CUST_000717,45,Other,53244.75322352752,New York,2025-03-08 21:01:13.967859,104
CUST_000718,45,Female,53474.720232259744,California,2023-07-22 21:01:13.967892,699
CUST_000719,64,Female,66467.63541332408,New York,2023-08-16 21:01:13.967926,674
CUST_000720,54,Female,21682.62741124471,New York,2025-05-18 21:01:13.967960,33
CUST_000721,72,Female,39123.00359725458,Florida,2023-03-18 21:01:13.967999,825
CUST_000722,79,Other,58865.32334839815,Florida,2023-10-06 21:01:13.968038,623
CUST_000723,68,Male,79868.78902465283,Texas,2023-05-06 21:01:13.968072,776
CUST_000724,50,Other,46651.96618047792,Texas,2023-09-15 21:01:13.968106,644
CUST_000725,57,Other,72347.95157903123,Illinois,2024-02-17 21:01:13.968140,489
CUST_000726,46,Female,40700.98718892656,Florida,2024-03-06 21:01:13.968173,471
CUST_000727,61,Female,86110.66375896828,Florida,2023-10-27 21:01:13.968207,602
CUST_000728,57,Male,52817.03821836632,Florida,2024-04-12 21:01:13.968241,434
CUST_000729,28,Other,26094.244769734505,Florida,2024-09-15 21:01:13.968275,278
CUST_000730,58,Male,40068.03731798602,California,2024-04-05 21:01:13.968309,441
CUST_000731,43,Male,41032.874202719606,California,2024-01-30 21:01:13.968347,507
CUST_000732,62,Other,54885.610367198,Florida,2023-02-08 21:01:13.968382,863
CUST_000733,45,Other,44456.21706624294,Texas,2023-03-10 21:01:13.968417,833
CUST_000734,66,Other,46489.70211339528,Florida,2023-11-29 21:01:13.968451,569
CUST_000735,64,Other,56995.37561669502,New York,2023-08-04 21:01:13.968485,686
CUST_000736,67,Female,37472.856475549655,New York,2022-11-17 21:01:13.968518,946
CUST_000737,55,Other,81343.08082542161,California,2025-06-05 21:01:13.968552,15
CUST_000738,49,Male,59819.81244362012,California,2023-11-08 21:01:13.968602,590
CUST_000739,27,Female,52769.79163856901,Illinois,2024-11-09 21:01:13.968640,223
CUST_000740,47,Other,46988.76254670704,Florida,2024-02-13 21:01:13.968675,493
CUST_000741,60,Male,31517.86505277751,New York,2023-05-30 21:01:13.968714,752
CUST_000742,28,Male,14365.009833610762,Florida,2023-11-16 21:01:13.968749,582
CUST_000743,58,Other,58973.74061944926,Florida,2023-12-08 21:01:13.968783,560
CUST_000744,73,Other,50719.4216897232,Texas,2024-06-28 21:01:13.968817,357
CUST_000745,42,Female,54977.657948877735,Texas,2022-10-11 21:01:13.968851,983
CUST_000746,72,Female,52441.16622269594,Florida,2023-10-09 21:01:13.968890,620
CUST_000747,68,Male,50620.68578878772,Texas,2025-02-15 21:01:13.968924,125
CUST_000748,51,Male,50400.21585665804,California,2022-12-03 21:01:13.968958,930
CUST_000749,72,Male,58581.39167607382,California,2025-06-12 21:01:13.968992,8
CUST_000750,47,Other,46386.3313235957,New York,2024-12-15 21:01:13.969026,187
CUST_000751,37,Female,26815.247904500626,Illinois,2025-03-26 21:01:13.969059,86
CUST_000752,61,Male,56951.646085412285,Florida,2024-01-25 21:01:13.969093,512
CUST_000753,45,Female,58197.83946458059,Texas,2022-10-13 21:01:13.969127,981
CUST_000754,41,Female,63234.99593485113,Texas,2023-04-22 21:01:13.969161,790
CUST_000755,54,Other,43218.645007503794,New York,2024-07-06 21:01:13.969194,349
CUST_000756,20,Male,49891.99931314495,New York,2023-10-24 21:01:13.969232,605
CUST_000757,24,Male,59225.45290658479,Texas,2022-10-14 21:01:13.969268,980
CUST_000758,37,Male,24429.544797555933,New York,2024-09-19 21:01:13.969302,274
CUST_000759,62,Male,43661.88334392443,Florida,2023-07-28 21:01:13.969335,693
CUST_000760,44,Female,31832.42106078828,California,2025-01-17 21:01:13.969376,154
CUST_000761,62,Other,60961.46178599787,California,2024-08-09 21:01:13.969412,315
CUST_000762,28,Male,53208.55802302223,Illinois,2022-11-26 21:01:13.969446,937
CUST_000763,46,Male,47158.794935276754,Texas,2023-03-19 21:01:13.969480,824
CUST_000764,68,Male,74258.18862452936,Texas,2025-03-03 21:01:13.969513,109
CUST_000765,77,Other,51565.339062848194,California,2023-12-16 21:01:13.969547,552
CUST_000766,22,Male,59929.93350594958,Florida,2024-05-17 21:01:13.969595,399
CUST_000767,67,Male,58084.66963551648,Illinois,2022-12-29 21:01:13.969636,904
CUST_000768,58,Other,43548.51194357082,New York,2024-03-02 21:01:13.969671,475
CUST_000769,21,Female,51295.32973250556,Texas,2024-04-25 21:01:13.969705,421
CUST_000770,18,Other,40205.63013113284,Florida,2023-03-08 21:01:13.969739,835
CUST_000771,51,Male,68200.72099857489,New York,2024-03-06 21:01:13.969772,471
CUST_000772,70,Other,47492.05785391472,Illinois,2023-03-13 21:01:13.969812,830
CUST_000773,58,Male,59992.49098207493,Illinois,2023-05-21 21:01:13.969846,761
CUST_000774,77,Female,70502.54690908169,Illinois,2024-08-07 21:01:13.969880,317
CUST_000775,37,Other,37335.81472215506,Texas,2024-07-13 21:01:13.969913,342
CUST_000776,64,Female,62179.10492592937,New York,2022-10-29 21:01:13.969947,965
CUST_000777,30,Other,70067.46531449175,California,2024-08-18 21:01:13.969981,306
CUST_000778,47,Female,41439.92977080012,Texas,2024-11-26 21:01:13.970020,206
CUST_000779,74,Female,61013.27328062294,Texas,2025-05-04 21:01:13.970055,47
CUST_000780,71,Other,60580.47815342677,Illinois,2022-10-26 21:01:13.970093,968
CUST_000781,66,Other,38733.10914610332,California,2024-11-30 21:01:13.970128,202
CUST_000782,49,Other,51998.85850791917,New York,2023-09-08 21:01:13.970166,651
CUST_000783,49,Female,23761.69935484685,New York,2023-04-27 21:01:13.970200,785
CUST_000784,21,Other,64555.90084770277,New York,2023-03-10 21:01:13.970234,833
CUST_000785,42,Other,62050.47573231744,Florida,2025-03-31 21:01:13.970268,81
CUST_000786,58,Other,58017.584727208254,Texas,2024-12-04 21:01:13.970301,198
CUST_000787,18,Other,63314.831388107545,California,2025-01-04 21:01:13.970334,167
CUST_000788,78,Female,46926.14312338836,New York,2024-02-29 21:01:13.970368,477
CUST_000789,26,Male,48981.83341890535,Florida,2024-08-16 21:01:13.970402,308
CUST_000790,70,Other,54675.52703196828,Illinois,2024-12-19 21:01:13.970435,183
CUST_000791,18,Male,43268.476632670536,Texas,2024-03-03 21:01:13.970469,474
CUST_000792,32,Female,53840.82296424889,New York,2024-09-23 21:01:13.970503,270
CUST_000793,51,Male,45151.43053216865,Florida,2023-06-23 21:01:13.970548,728
CUST_000794,76,Male,52898.11134071291,New York,2025-01-03 21:01:13.970596,168
CUST_000795,36,Male,69794.6674171595,New York,2024-03-24 21:01:13.970636,453
CUST_000796,44,Female,56308.1766384218,New York,2023-08-30 21:01:13.970671,660
CUST_000797,48,Other,45455.66693023524,California,2024-06-09 21:01:13.970705,376
CUST_000798,39,Other,38269.642023388406,Texas,2023-10-03 21:01:13.970739,626
CUST_000799,33,Other,50041.42753825905,Texas,2024-12-23 21:01:13.970779,179
CUST_000800,35,Male,23356.4715065252,Texas,2023-01-01 21:01:13.970814,901
CUST_000801,44,Male,56129.79217221007,New York,2024-01-20 21:01:13.970848,517
CUST_000802,74,Female,28527.23003415029,New York,2024-08-06 21:01:13.970886,318
CUST_000803,67,Male,58959.12331334874,Texas,2023-06-25 21:01:13.970921,726
CUST_000804,22,Other,47661.52733094999,Florida,2024-09-04 21:01:13.970955,289
CUST_000805,30,Female,41775.69055264098,Texas,2025-02-12 21:01:13.970989,128
CUST_000806,71,Male,45586.02692309665,California,2023-03-12 21:01:13.971029,831
CUST_000807,27,Male,42079.44503220567,New York,2024-05-24 21:01:13.971063,392
CUST_000808,43,Female,30075.27572802424,California,2024-07-30 21:01:13.971102,325
CUST_000809,45,Female,51162.105781058446,New York,2022-10-29 21:01:13.971137,965
CUST_000810,35,Female,29798.56386854354,New York,2024-11-28 21:01:13.971175,204
CUST_000811,24,Other,55617.20969612668,Texas,2023-05-04 21:01:13.971210,778
CUST_000812,51,Male,61141.24942680386,California,2025-01-05 21:01:13.971244,166
CUST_000813,39,Female,70471.98214613502,Texas,2024-04-07 21:01:13.971278,439
CUST_000814,56,Other,41799.79873119102,Florida,2024-05-13 21:01:13.971312,403
CUST_000815,37,Other,45925.1733451092,California,2024-05-02 21:01:13.971346,414
CUST_000816,70,Female,36426.280219159846,Texas,2023-05-04 21:01:13.971380,778
CUST_000817,26,Male,71825.90873722653,New York,2024-04-03 21:01:13.971415,443
CUST_000818,53,Other,65264.922002652536,New York,2023-11-03 21:01:13.971449,595
CUST_000819,43,Male,54072.42966238472,California,2023-03-22 21:01:13.971488,821
CUST_000820,32,Other,58272.144128592845,Texas,2024-10-15 21:01:13.971522,248
CUST_000821,39,Female,55108.83824600745,New York,2024-09-09 21:01:13.971556,284
CUST_000822,18,Male,59318.27820408571,New York,2025-01-07 21:01:13.971608,164
CUST_000823,36,Male,47556.80633810839,California,2024-04-26 21:01:13.971645,420
CUST_000824,26,Male,71366.93019698952,New York,2023-03-01 21:01:13.971679,842
CUST_000825,67,Other,60464.350560986575,California,2024-04-27 21:01:13.971713,419
CUST_000826,69,Other,53913.335970231456,Texas,2025-04-08 21:01:13.971747,73
CUST_000827,44,Female,54456.91028179106,Texas,2024-10-15 21:01:13.971781,248
CUST_000828,45,Male,79480.12192583128,California,2024-11-20 21:01:13.971815,212
CUST_000829,62,Other,58096.70388487935,New York,2023-05-25 21:01:13.971849,757
CUST_000830,40,Other,38243.51501620405,Illinois,2024-08-25 21:01:13.971883,299
CUST_000831,65,Female,39641.88421525611,Texas,2025-04-20 21:01:13.971916,61
CUST_000832,67,Other,56904.948097697205,California,2023-10-23 21:01:13.971950,606
CUST_000833,65,Other,29756.767277384457,California,2024-07-17 21:01:13.971990,338
CUST_000834,55,Other,28993.70659503849,California,2023-02-01 21:01:13.972025,870
CUST_000835,18,Other,53101.621697516246,Texas,2023-06-01 21:01:13.972059,750
CUST_000836,25,Other,44095.858439771095,Illinois,2024-05-26 21:01:13.972093,390
CUST_000837,60,Male,72046.98389415932,New York,2022-11-07 21:01:13.972126,956
CUST_000838,45,Male,54557.27893407314,Texas,2023-02-18 21:01:13.972165,853
CUST_000839,19,Male,60823.43757689215,California,2024-06-22 21:01:13.972200,363
CUST_000840,76,Female,25769.50323084911,Florida,2023-10-10 21:01:13.972234,619
CUST_000841,54,Other,19467.037357731908,Florida,2024-01-07 21:01:13.972268,530
CUST_000842,51,Other,42814.234139573695,New York,2024-11-27 21:01:13.972307,205
CUST_000843,21,Female,23397.434990755803,Illinois,2023-01-27 21:01:13.972341,875
CUST_000844,71,Other,64683.86010298136,California,2025-02-19 21:01:13.972375,121
CUST_000845,18,Female,34902.300609356294,Illinois,2022-12-08 21:01:13.972409,925
CUST_000846,22,Male,58140.56596965086,Texas,2023-10-08 21:01:13.972443,621
CUST_000847,64,Other,34417.10315319679,Texas,2022-10-30 21:01:13.972477,964
CUST_000848,22,Male,33722.742101633026,California,2024-01-02 21:01:13.972511,535
CUST_000849,42,Male,37618.84205031568,Illinois,2024-08-05 21:01:13.972545,319
CUST_000850,75,Male,42608.75670830072,Illinois,2023-12-20 21:01:13.972579,548
CUST_000851,63,Female,58541.21400351553,New York,2024-06-23 21:01:13.972634,362
CUST_000852,75,Other,38921.96861748221,Illinois,2025-02-03 21:01:13.972668,137
CUST_000853,23,Other,33619.31300823561,Illinois,2023-12-21 21:01:13.972702,547
CUST_000854,56,Female,71713.80386768642,New York,2025-04-05 21:01:13.972737,76
CUST_000855,40,Other,51592.624546197534,New York,2023-01-07 21:01:13.972771,895
CUST_000856,39,Male,57104.481152171815,Illinois,2023-08-18 21:01:13.972804,672
CUST_000857,63,Other,36104.28305027692,Illinois,2024-05-15 21:01:13.972838,401
CUST_000858,72,Male,64637.25079017064,California,2023-10-23 21:01:13.972883,606
CUST_000859,39,Female,63776.81665913621,New York,2024-05-02 21:01:13.972919,414
CUST_000860,34,Female,39356.30217876241,Florida,2025-02-25 21:01:13.972959,115
CUST_000861,53,Female,31122.42633986998,New York,2024-10-29 21:01:13.972995,234
CUST_000862,45,Other,29335.73748868644,Florida,2023-08-26 21:01:13.973029,664
CUST_000863,25,Other,41528.389937435866,Illinois,2025-02-03 21:01:13.973063,137
CUST_000864,64,Male,70125.5114441299,California,2022-11-27 21:01:13.973097,936
CUST_000865,64,Female,15040.17854679651,New York,2022-12-08 21:01:13.973130,925
CUST_000866,67,Female,65228.42137497608,California,2025-03-19 21:01:13.973164,93
CUST_000867,65,Other,46381.53400553973,Illinois,2023-12-08 21:01:13.973198,560
CUST_000868,66,Male,44964.03507620418,California,2025-06-03 21:01:13.973231,17
CUST_000869,24,Male,38158.31959638518,Illinois,2023-04-18 21:01:13.973265,794
CUST_000870,66,Other,50573.56992440043,Illinois,2024-12-09 21:01:13.973299,193
CUST_000871,66,Female,28271.12878049684,New York,2024-12-31 21:01:13.973332,171
CUST_000872,42,Other,89311.89636544962,Illinois,2024-04-30 21:01:13.973366,416
CUST_000873,43,Male,33320.49461338755,Florida,2025-04-08 21:01:13.973404,73
CUST_000874,73,Male,65961.7127500207,New York,2024-02-07 21:01:13.973440,499
CUST_000875,61,Other,48509.29504810365,New York,2024-12-03 21:01:13.973474,199
CUST_000876,31,Male,55005.9179534281,Illinois,2023-04-29 21:01:13.973508,783
CUST_000877,20,Other,45535.835568249575,Illinois,2022-11-21 21:01:13.973546,942
CUST_000878,47,Male,45864.467106187,New York,2023-01-30 21:01:13.973580,872
CUST_000879,53,Other,64110.44215734024,Florida,2025-02-24 21:01:13.973635,116
CUST_000880,74,Male,47090.7589933602,Illinois,2024-07-20 21:01:13.973669,335
CUST_000881,37,Male,40050.43517338224,Texas,2023-06-05 21:01:13.973703,746
CUST_000882,46,Other,40469.56416761556,Texas,2022-11-12 21:01:13.973737,951
CUST_000883,79,Other,32155.00011364458,Florida,2023-01-18 21:01:13.973771,884
CUST_000884,28,Female,58721.4877819642,Texas,2023-01-04 21:01:13.973810,898
CUST_000885,79,Male,46951.458810398406,New York,2024-07-07 21:01:13.973845,348
CUST_000886,48,Female,54028.00979697213,New York,2022-12-01 21:01:13.973879,932
CUST_000887,25,Male,72695.13899005983,California,2024-08-10 21:01:13.973913,314
CUST_000888,54,Male,70075.45597169577,Florida,2023-06-30 21:01:13.973947,721
CUST_000889,52,Male,33055.24655599278,Texas,2023-07-17 21:01:13.973980,704
CUST_000890,61,Male,73670.56260579647,Florida,2022-12-31 21:01:13.974014,902
CUST_000891,46,Female,33482.89568033641,New York,2024-05-16 21:01:13.974053,400
CUST_000892,40,Other,75499.3606186457,Florida,2024-02-16 21:01:13.974088,490
CUST_000893,54,Male,66073.14728352329,California,2023-02-27 21:01:13.974121,844
CUST_000894,59,Male,35182.53978619302,Texas,2023-03-18 21:01:13.974155,825
CUST_000895,57,Male,63998.48672473451,Texas,2024-05-30 21:01:13.974189,386
CUST_000896,47,Female,50234.27500924405,New York,2023-06-21 21:01:13.974223,730
CUST_000897,19,Female,63534.15760679971,Florida,2024-06-14 21:01:13.974262,371
CUST_000898,43,Other,66625.06529955726,New York,2024-10-24 21:01:13.974296,239
CUST_000899,20,Female,58951.74169512464,Texas,2024-11-10 21:01:13.974330,222
CUST_000900,78,Male,69461.32131934556,Illinois,2024-06-07 21:01:13.974369,378
CUST_000901,63,Male,51715.20336955533,Texas,2023-02-03 21:01:13.974405,868
CUST_000902,24,Female,47652.39453746941,Florida,2023-02-02 21:01:13.974439,869
CUST_000903,37,Male,69624.73746337154,Florida,2024-05-24 21:01:13.974473,392
CUST_000904,18,Male,45010.44022473561,Illinois,2023-03-15 21:01:13.974506,828
CUST_000905,73,Female,57373.13181315964,California,2023-08-02 21:01:13.974544,688
CUST_000906,23,Male,60061.11418925305,Illinois,2024-11-02 21:01:13.974580,230
CUST_000907,35,Female,45616.10357147346,Texas,2022-10-01 21:01:13.974634,993
CUST_000908,71,Male,61351.83019980473,California,2024-03-26 21:01:13.974669,451
CUST_000909,62,Other,59187.03191020404,Texas,2024-07-04 21:01:13.974703,351
CUST_000910,32,Male,52582.76138360236,Texas,2023-07-22 21:01:13.974742,699
CUST_000911,38,Other,48981.278936562005,Texas,2022-12-07 21:01:13.974778,926
CUST_000912,77,Male,59331.04985459073,Florida,2022-12-05 21:01:13.974812,928
CUST_000913,72,Other,69933.99979303114,Texas,2024-04-04 21:01:13.974846,442
CUST_000914,52,Other,64501.4069391342,California,2024-07-16 21:01:13.974880,339
CUST_000915,42,Male,54958.60088938154,Illinois,2024-06-02 21:01:13.974913,383
CUST_000916,36,Other,37415.88121879547,New York,2024-09-17 21:01:13.974953,276
CUST_000917,65,Other,56129.979250582524,Texas,2023-10-07 21:01:13.974987,622
CUST_000918,51,Other,72754.20184562966,Illinois,2023-12-05 21:01:13.975021,563
CUST_000919,38,Female,70267.03869891845,Florida,2023-05-24 21:01:13.975055,758
CUST_000920,66,Female,60377.147327505925,Texas,2024-09-05 21:01:13.975089,288
CUST_000921,28,Male,73960.59184928772,California,2025-01-16 21:01:13.975123,155
CUST_000922,72,Female,58374.37512133696,Illinois,2022-11-23 21:01:13.975157,940
CUST_000923,22,Other,47594.43499126328,New York,2023-11-27 21:01:13.975191,571
CUST_000924,42,Male,51427.347840236966,New York,2025-04-17 21:01:13.975225,64
CUST_000925,24,Male,38771.80798068893,Florida,2024-05-10 21:01:13.975258,406
CUST_000926,39,Female,64288.9759197336,California,2024-05-12 21:01:13.975292,404
CUST_000927,67,Male,57105.39705098341,Texas,2025-05-08 21:01:13.975326,43
CUST_000928,32,Female,58844.14320038041,Florida,2024-12-18 21:01:13.975360,184
CUST_000929,43,Female,54003.68114734091,Illinois,2022-10-21 21:01:13.975394,973
CUST_000930,19,Male,56669.29058602118,California,2023-11-11 21:01:13.975433,587
CUST_000931,25,Other,65613.6402545917,Florida,2025-06-12 21:01:13.975469,8
CUST_000932,46,Female,52925.3747604219,Florida,2024-04-07 21:01:13.975503,439
CUST_000933,33,Female,38625.76896668615,Texas,2024-01-18 21:01:13.975537,519
CUST_000934,33,Male,68192.314775478,New York,2022-12-02 21:01:13.975571,931
CUST_000935,68,Male,42448.466612582,California,2024-03-12 21:01:13.975629,465
CUST_000936,64,Other,49495.81152944431,Illinois,2023-06-17 21:01:13.975670,734
CUST_000937,63,Other,56821.113682117015,Illinois,2023-09-28 21:01:13.975708,631
CUST_000938,29,Male,60948.67239324311,Illinois,2022-12-18 21:01:13.975744,915
CUST_000939,63,Other,54730.127883509806,California,2022-11-17 21:01:13.975778,946
CUST_000940,24,Female,47348.38755326327,California,2022-12-05 21:01:13.975812,928
CUST_000941,69,Other,26770.7255170438,Illinois,2025-03-28 21:01:13.975846,84
CUST_000942,20,Male,24466.80100879983,Texas,2025-03-02 21:01:13.975879,110
CUST_000943,25,Male,43057.764704907335,Florida,2023-09-09 21:01:13.975914,650
CUST_000944,56,Male,29685.79918346777,Florida,2025-03-11 21:01:13.975948,101
CUST_000945,43,Female,34953.31975940032,Florida,2024-11-09 21:01:13.975982,223
CUST_000946,35,Female,49528.41244437835,Texas,2022-10-06 21:01:13.976015,988
CUST_000947,63,Female,37273.57048713778,Illinois,2024-12-10 21:01:13.976050,192
CUST_000948,55,Female,32514.92614567003,Texas,2022-11-23 21:01:13.976084,940
CUST_000949,65,Female,50270.62472951149,New York,2025-04-16 21:01:13.976118,65
CUST_000950,72,Other,63730.85413340243,California,2024-12-21 21:01:13.976152,181
CUST_000951,73,Female,41756.89588106698,New York,2023-04-22 21:01:13.976186,790
CUST_000952,30,Male,77488.35565218802,New York,2024-05-17 21:01:13.976220,399
CUST_000953,59,Other,62212.276431774,Illinois,2023-02-22 21:01:13.976254,849
CUST_000954,49,Male,11847.527255667896,New York,2024-03-30 21:01:13.976288,447
CUST_000955,29,Female,79806.96456005158,Texas,2024-04-02 21:01:13.976328,444
CUST_000956,24,Male,45903.16471389632,Florida,2024-12-15 21:01:13.976362,187
CUST_000957,42,Female,65816.4748245989,Illinois,2023-01-25 21:01:13.976396,877
CUST_000958,34,Male,53929.255240119695,New York,2024-12-14 21:01:13.976430,188
CUST_000959,43,Female,31173.383761150468,Florida,2023-12-17 21:01:13.976464,551
CUST_000960,25,Male,36825.94889489951,Florida,2025-04-28 21:01:13.976504,53
CUST_000961,47,Other,64429.34929333068,Florida,2023-09-16 21:01:13.976540,643
CUST_000962,62,Female,41775.96807612384,Illinois,2024-04-24 21:01:13.976574,422
CUST_000963,25,Other,62500.00867670461,New York,2025-06-14 21:01:13.976627,6
CUST_000964,31,Other,68573.56910969649,Illinois,2024-10-08 21:01:13.976663,255
CUST_000965,22,Female,36845.11108234172,Florida,2024-07-10 21:01:13.976697,345
CUST_000966,58,Other,56129.10961552651,Florida,2024-01-12 21:01:13.976731,525
CUST_000967,62,Other,45382.87293291674,California,2023-10-03 21:01:13.976764,626
CUST_000968,66,Male,38488.68499892488,New York,2022-12-22 21:01:13.976798,911
CUST_000969,30,Male,36854.22899832045,California,2024-07-27 21:01:13.976837,328
CUST_000970,67,Other,40157.06067667336,Texas,2023-05-01 21:01:13.976872,781
CUST_000971,56,Male,39006.60671409161,New York,2025-01-15 21:01:13.976906,156
CUST_000972,42,Male,49328.85228856103,California,2024-01-26 21:01:13.976940,511
CUST_000973,34,Female,31790.87440763925,Illinois,2023-10-21 21:01:13.976975,608
CUST_000974,67,Male,46753.83237511117,Texas,2022-10-13 21:01:13.977009,981
CUST_000975,47,Male,77788.47093162575,New York,2022-11-27 21:01:13.977048,936
CUST_000976,36,Other,50319.20655656095,Illinois,2024-03-06 21:01:13.977087,471
CUST_000977,69,Female,63300.98539331814,New York,2023-03-18 21:01:13.977121,825
CUST_000978,69,Male,45688.28720899467,Texas,2023-02-28 21:01:13.977155,843
CUST_000979,51,Male,54309.93356604514,Florida,2024-02-25 21:01:13.977188,481
CUST_000980,62,Female,53372.73224068458,Texas,2024-10-31 21:01:13.977222,232
CUST_000981,59,Female,57281.967869701126,Texas,2025-02-01 21:01:13.977256,139
CUST_000982,56,Other,32651.96022743406,California,2023-06-18 21:01:13.977290,733
CUST_000983,38,Male,59088.28321935904,California,2023-10-15 21:01:13.977324,614
CUST_000984,54,Male,51471.01309308417,New York,2022-11-18 21:01:13.977358,945
CUST_000985,52,Other,69438.07672794521,Texas,2023-02-15 21:01:13.977392,856
CUST_000986,66,Male,51376.2872667256,Texas,2023-01-31 21:01:13.977431,871
CUST_000987,45,Other,53783.60594640016,New York,2025-06-14 21:01:13.977466,6
CUST_000988,36,Female,63102.74636704626,Illinois,2024-06-14 21:01:13.977500,371
CUST_000989,69,Female,27615.96820010204,California,2024-12-25 21:01:13.977535,177
CUST_000990,60,Female,79140.02186242255,New York,2025-03-07 21:01:13.977569,105
CUST_000991,53,Other,42739.14471008303,Florida,2024-02-12 21:01:13.977623,494
CUST_000992,36,Female,39424.43779790509,Texas,2023-04-16 21:01:13.977659,796
CUST_000993,18,Female,43441.10891933451,California,2023-03-27 21:01:13.977693,816
CUST_000994,57,Male,59607.19692801236,Florida,2022-12-10 21:01:13.977733,923
CUST_000995,26,Other,47142.45341003283,Florida,2024-09-06 21:01:13.977767,287
CUST_000996,41,Other,49172.02648568936,California,2023-11-19 21:01:13.977801,579
CUST_000997,75,Female,57273.18022298197,California,2025-04-08 21:01:13.977836,73
CUST_000998,43,Female,41666.86757636847,Texas,2022-11-09 21:01:13.977869,954
CUST_000999,44,Male,36924.82881744672,Texas,2024-03-17 21:01:13.977903,460
