customer_id,avg_days_between_purchases,preferred_category,avg_price_range,purchase_frequency,seasonal_preference
CUST_000000,36.75,,132.0334197604857,9,3
CUST_000001,57.4,,133.15066253330994,6,3
CUST_000002,80.0,,126.69829378353374,5,7
CUST_000003,95.66666666666667,,170.9294759259604,4,2
CUST_000004,95.5,,178.0558677167056,3,5
CUST_000005,46.4,,131.68660392483602,6,2
CUST_000006,35.0,,211.68675241764456,2,4
CUST_000007,66.6,,233.75327856205863,6,4
CUST_000008,73.0,,164.9231867057844,4,2
CUST_000009,60.333333333333336,,228.6574572272319,4,1
CUST_000010,52.8,,63.52054008360083,6,2
CUST_000011,55.333333333333336,,177.36320748525117,7,2
CUST_000012,46.5,,138.4868085603606,7,3
CUST_000013,77.0,,244.8900776147525,4,1
CUST_000014,17.0,,32.73532783870756,2,4
CUST_000015,32.375,,185.41134327170522,9,3
CUST_000016,43.714285714285715,,122.96900166100113,8,5
CUST_000017,48.166666666666664,,158.24633829140097,7,11
CUST_000018,36.714285714285715,,142.83963674297735,8,10
CUST_000019,54.5,,208.2120288164164,3,8
CUST_000020,96.0,,131.98691495837195,3,3
CUST_000021,224.0,,198.64570992330096,2,4
CUST_000022,38.666666666666664,,157.05977303843886,7,2
CUST_000023,43.5,,183.9678885296876,7,7
CUST_000024,57.0,,235.2636074053963,6,5
CUST_000025,48.4,,144.81371616243732,6,11
CUST_000026,133.0,,181.97403601802208,3,3
CUST_000027,35.166666666666664,,159.58956484880056,7,3
CUST_000028,88.5,,160.41435621678758,3,6
CUST_000029,59.4,,184.20828474992948,6,3
CUST_000030,68.0,,157.6225382879763,6,6
CUST_000031,0.0,,182.88721139409648,1,1
CUST_000032,108.5,,94.34653596501556,3,2
CUST_000033,131.5,,86.82763416544866,3,2
CUST_000034,55.5,,185.9071202892143,5,4
CUST_000035,56.5,,144.04996257733538,7,6
CUST_000036,51.666666666666664,,133.8755567888243,4,10
CUST_000037,78.75,,125.05829381368827,5,1
CUST_000038,51.333333333333336,,171.0894261454391,7,1
CUST_000039,54.5,,185.22713185972307,3,1
CUST_000040,30.5,,181.76871115190715,3,1
CUST_000041,43.833333333333336,,164.61729013695975,7,9
CUST_000042,51.25,,185.59207912559313,5,12
CUST_000043,38.0,,133.795402823177,9,7
CUST_000044,0.0,,193.9151223071454,1,8
CUST_000045,34.0,,154.90924797134505,9,12
CUST_000046,38.0,,212.32245957997262,6,12
CUST_000047,171.0,,122.74618075629303,2,2
CUST_000048,32.5,,175.26947436464218,3,1
CUST_000049,59.6,,128.10110037889152,6,1
CUST_000050,27.857142857142858,,160.87498757390063,8,4
CUST_000051,29.428571428571427,,184.01413040916893,8,4
CUST_000052,94.0,,202.36789257098283,4,2
CUST_000053,64.8,,119.58163504588508,6,2
CUST_000054,61.0,,132.9465364540052,6,1
CUST_000055,32.0,,183.66174176165705,5,4
CUST_000056,35.857142857142854,,176.23886202572197,8,5
CUST_000057,67.5,,147.05401722049632,5,10
CUST_000058,189.0,,131.22385105960103,2,3
CUST_000059,42.333333333333336,,111.09411036258612,7,1
CUST_000060,59.2,,212.66883206873203,6,1
CUST_000061,46.857142857142854,,141.74317010921635,8,4
CUST_000062,142.0,,179.85052268031845,2,7
CUST_000063,98.0,,137.70952231706434,4,1
CUST_000064,55.4,,177.12150367046465,6,5
CUST_000065,45.2,,142.69619682926592,6,8
CUST_000066,40.5,,138.42126482055914,9,3
CUST_000067,109.0,,137.0640751486519,4,11
CUST_000068,26.77777777777778,,124.28853740168657,10,1
CUST_000069,60.25,,101.56957683910932,5,5
CUST_000070,57.5,,102.17112904846137,5,4
CUST_000071,42.833333333333336,,139.02870083137137,7,12
CUST_000072,68.0,,199.88197913450747,5,1
CUST_000073,35.0,,117.27182181844815,10,4
CUST_000074,0.0,,217.47649895019677,1,4
CUST_000075,50.6,,135.90849378211328,6,10
CUST_000076,62.75,,111.153891602578,5,8
CUST_000077,62.0,,145.8750766761058,6,3
CUST_000078,28.0,,177.37332763143573,8,9
CUST_000079,73.0,,199.02314756330875,3,1
CUST_000080,62.4,,192.99206828696347,6,1
CUST_000081,28.428571428571427,,154.47700211689235,8,3
CUST_000082,80.33333333333333,,137.47429822002442,4,11
CUST_000083,37.0,,224.1936220915961,4,7
CUST_000084,90.5,,154.25321837492467,3,1
CUST_000085,40.8,,172.61181054291674,6,1
CUST_000086,47.0,,143.85981493436913,5,1
CUST_000087,44.8,,152.63838174393362,6,9
CUST_000088,50.0,,278.71348916633235,2,8
CUST_000089,61.0,,136.6125952528454,4,2
CUST_000090,67.25,,247.20688930468495,5,3
CUST_000091,47.0,,145.17855571547724,3,7
CUST_000092,35.333333333333336,,134.18321323390438,10,3
CUST_000093,69.0,,134.84312494601042,5,3
CUST_000094,68.33333333333333,,116.85814011378721,4,2
CUST_000095,67.5,,161.2612519252845,5,1
CUST_000096,34.57142857142857,,152.92835062089998,8,3
CUST_000097,112.0,,166.73145336359312,2,1
CUST_000098,161.0,,102.6557849659168,3,5
CUST_000099,78.33333333333333,,165.6862041568362,4,1
CUST_000101,10.0,,148.7212692492157,4,12
CUST_000102,33.285714285714285,,141.92720669889036,8,1
CUST_000103,89.66666666666667,,236.9529724289638,4,1
CUST_000104,69.0,,105.09203888293419,5,9
CUST_000105,39.0,,182.53583648765118,8,5
CUST_000106,33.77777777777778,,156.45845983032422,10,1
CUST_000107,55.2,,204.40315924253773,6,12
CUST_000108,133.5,,78.23983375709618,3,5
CUST_000109,31.5,,173.2592377746182,7,2
CUST_000110,36.625,,222.2756325590748,9,6
CUST_000111,38.22222222222222,,172.89033731222946,10,6
CUST_000112,37.0,,202.79213746354526,3,6
CUST_000113,89.33333333333333,,155.2396137401504,4,3
CUST_000114,23.555555555555557,,114.10198817442463,10,12
CUST_000115,46.42857142857143,,170.6352496281101,8,5
CUST_000116,0.0,,290.09137271831645,1,1
CUST_000117,30.0,,213.5323248597649,3,2
CUST_000118,121.0,,191.67287791341946,3,3
CUST_000119,18.8,,171.22704032914353,6,5
CUST_000120,104.0,,75.32308778347154,3,1
CUST_000121,42.4,,129.8200810703548,6,8
CUST_000122,52.5,,162.41952751912984,7,6
CUST_000123,236.0,,200.57578074648393,2,5
CUST_000124,75.0,,100.2833213257684,4,9
CUST_000125,52.8,,169.41634907541527,6,5
CUST_000126,0.0,,154.8203582396962,1,11
CUST_000127,51.25,,169.66823298939318,5,1
CUST_000128,34.0,,151.3176039992914,4,2
CUST_000129,51.166666666666664,,153.79348293715748,7,8
CUST_000130,154.5,,277.7087308008038,3,6
CUST_000131,0.0,,258.0178406520251,1,2
CUST_000132,79.33333333333333,,147.82053056742126,4,3
CUST_000133,53.833333333333336,,144.77883985074092,7,1
CUST_000134,27.5,,96.93484442890319,3,8
CUST_000135,85.5,,180.39889757597015,3,7
CUST_000136,0.0,,99.54968864217282,1,4
CUST_000137,33.857142857142854,,211.06568667084633,8,1
CUST_000138,55.0,,102.51143756542436,4,1
CUST_000139,295.0,,173.15698739708705,2,5
CUST_000140,0.0,,142.0850158818449,1,9
CUST_000141,110.0,,184.2743570833614,2,3
CUST_000142,70.0,,149.57994409129415,5,1
CUST_000143,77.0,,169.08498105602573,4,4
CUST_000144,57.75,,168.9608697025488,5,2
CUST_000145,31.625,,170.8612322071486,9,1
CUST_000146,42.833333333333336,,140.50643690229614,7,1
CUST_000147,83.0,,241.722846879145,2,3
CUST_000148,33.44444444444444,,139.14451437103855,10,1
CUST_000149,52.5,,167.0539951598238,5,8
CUST_000150,116.0,,182.877213045329,2,7
CUST_000151,74.75,,174.3296090854373,5,3
CUST_000152,145.5,,206.0469893335884,3,1
CUST_000153,52.6,,162.07937394651194,6,7
CUST_000154,27.2,,112.5901064611205,6,8
CUST_000155,47.666666666666664,,194.73966673533968,7,4
CUST_000156,81.0,,126.01288263929088,3,1
CUST_000157,34.5,,194.60430251831397,9,10
CUST_000158,17.0,,165.9152709256337,4,5
CUST_000159,40.142857142857146,,141.94618806352872,8,1
CUST_000160,57.0,,245.75941417390436,5,7
CUST_000161,35.285714285714285,,186.01541399905426,8,9
CUST_000162,96.66666666666667,,184.5866540852989,4,4
CUST_000163,38.333333333333336,,180.2987380387257,7,2
CUST_000164,57.25,,172.76027159443075,5,2
CUST_000165,33.333333333333336,,134.28830678408193,10,10
CUST_000166,100.0,,124.59963265079351,4,8
CUST_000167,0.0,,57.059046042131655,1,6
CUST_000168,70.0,,168.01477231061156,6,6
CUST_000169,24.5,,136.2085341313448,5,12
CUST_000170,90.33333333333333,,180.70739943617718,4,1
CUST_000171,259.0,,122.44863384514923,2,4
CUST_000172,32.0,,136.97544994110805,5,5
CUST_000173,54.0,,160.12521225057532,5,1
CUST_000174,73.75,,164.1399333268796,5,1
CUST_000175,39.0,,233.17112055000928,6,3
CUST_000176,66.8,,153.1658290114789,6,6
CUST_000177,74.66666666666667,,160.75089677302762,4,2
CUST_000178,66.0,,145.42147396432105,5,9
CUST_000179,47.0,,181.29504685686015,8,3
CUST_000180,41.8,,162.64642976195313,6,9
CUST_000181,18.0,,52.192692962458295,2,5
CUST_000182,56.25,,130.08155412748548,5,1
CUST_000183,87.0,,190.0704552886773,4,1
CUST_000184,62.5,,117.36301764438302,3,3
CUST_000185,32.22222222222222,,168.5053846529509,10,4
CUST_000186,52.333333333333336,,187.73123236151125,7,4
CUST_000187,99.0,,230.09926832322523,3,2
CUST_000188,42.714285714285715,,184.95980277260375,8,2
CUST_000189,307.0,,223.08000003306793,2,5
CUST_000190,98.0,,167.38139120868817,4,3
CUST_000191,61.6,,126.71634905441427,6,1
CUST_000192,63.75,,178.97834570039313,5,2
CUST_000193,43.333333333333336,,99.06217004528372,4,5
CUST_000194,77.5,,179.949268832618,5,1
CUST_000195,74.5,,232.22334386690804,3,2
CUST_000196,129.5,,230.57576728000868,3,1
CUST_000197,111.5,,82.43625124376806,3,4
CUST_000198,204.0,,186.75077153565948,2,5
CUST_000199,133.0,,228.24167866636984,3,4
CUST_000200,39.166666666666664,,195.388816271283,7,9
CUST_000201,48.833333333333336,,86.60770474877094,7,10
CUST_000202,54.0,,93.26990644431083,4,12
CUST_000203,52.166666666666664,,130.9295790144981,7,4
CUST_000204,96.0,,221.370815390807,3,1
CUST_000205,98.0,,199.94863611239742,4,2
CUST_000206,60.75,,208.18253035043918,5,1
CUST_000207,58.8,,232.16393943292044,6,6
CUST_000208,54.666666666666664,,176.09288898432968,4,7
CUST_000209,96.66666666666667,,121.5907897109663,4,4
CUST_000210,15.0,,128.5723039715504,2,4
CUST_000211,103.33333333333333,,176.01552835900296,4,1
CUST_000212,79.0,,221.13122473766512,4,4
CUST_000213,39.75,,97.56574253411699,9,1
CUST_000214,52.0,,65.3392282263065,4,6
CUST_000215,31.09090909090909,,139.91438639791176,12,4
CUST_000216,62.25,,151.78020205356933,5,1
CUST_000217,66.0,,209.82284834694758,3,1
CUST_000218,0.0,,262.69362895734025,1,10
CUST_000219,70.33333333333333,,185.7676765317049,4,3
CUST_000220,66.4,,120.68418806616141,6,6
CUST_000221,35.0,,108.59049806207788,6,4
CUST_000222,54.0,,122.10285813890589,2,2
CUST_000223,97.0,,209.46216089600065,3,3
CUST_000224,39.333333333333336,,105.59423061581425,7,4
CUST_000225,77.75,,156.71779282437853,5,2
CUST_000226,99.0,,194.10537710462924,3,3
CUST_000227,61.0,,176.78935177313693,6,5
CUST_000228,166.5,,89.87210299773763,3,5
CUST_000229,53.0,,140.39300313398363,4,6
CUST_000230,56.0,,218.3977699919059,5,1
CUST_000231,109.66666666666667,,158.51764481618386,4,5
CUST_000232,52.333333333333336,,183.3000928731411,7,8
CUST_000233,20.25,,170.17606499237144,9,3
CUST_000234,22.75,,161.13308754201373,5,5
CUST_000235,61.0,,175.31927323040208,5,9
CUST_000236,159.0,,178.0293627848471,3,6
CUST_000237,44.666666666666664,,93.48102168919928,4,2
CUST_000238,72.66666666666667,,110.02481864009168,4,4
CUST_000239,61.6,,167.33963796048502,6,7
CUST_000240,33.125,,125.08488227075807,9,4
CUST_000241,56.5,,111.03587402550076,5,1
CUST_000242,17.0,,116.17999451233909,4,7
CUST_000243,43.75,,164.53247144427138,5,6
CUST_000244,58.5,,157.07847498199075,3,1
CUST_000245,30.25,,149.25395597030305,9,1
CUST_000246,0.0,,28.53428307525092,1,10
CUST_000247,49.5,,126.82656527037197,5,2
CUST_000248,71.75,,168.56949888302134,5,1
CUST_000249,50.6,,151.31283574078176,6,4
CUST_000250,70.25,,212.36523648950097,5,1
CUST_000251,83.5,,126.04231803501106,3,2
CUST_000252,65.5,,199.19680402664412,5,11
CUST_000253,53.6,,178.77536150015126,6,1
CUST_000254,29.833333333333332,,138.0520658068537,7,10
CUST_000255,49.714285714285715,,119.08220255370159,8,6
CUST_000256,34.57142857142857,,91.72907636857357,8,3
CUST_000257,50.25,,152.50960839639802,5,1
CUST_000258,40.42857142857143,,103.8022420054177,8,6
CUST_000259,40.0,,139.0411248049135,8,8
CUST_000260,54.0,,196.36514628444712,5,1
CUST_000261,72.0,,183.96544019392775,3,2
CUST_000262,68.0,,95.23127531633075,3,11
CUST_000263,78.0,,139.43186257101155,2,9
CUST_000264,50.0,,170.54037105044733,5,1
CUST_000265,75.75,,232.683462124072,5,5
CUST_000266,35.666666666666664,,171.06574121194348,4,2
CUST_000267,27.0,,184.2912934254688,4,3
CUST_000268,16.5,,200.83623061227615,3,3
CUST_000269,64.33333333333333,,187.66632075815187,4,5
CUST_000270,52.333333333333336,,148.9631342319471,7,5
CUST_000271,57.25,,207.4797239593735,5,1
CUST_000272,90.0,,120.98118975697935,4,5
CUST_000273,39.714285714285715,,102.42872756603451,8,4
CUST_000274,32.0,,100.2170442773416,4,10
CUST_000275,117.0,,122.39803145158596,3,9
CUST_000276,46.0,,103.95875533683996,3,4
CUST_000277,54.0,,169.4266084559883,5,8
CUST_000278,110.33333333333333,,91.00950017749591,4,1
CUST_000279,83.33333333333333,,105.4248025936694,4,5
CUST_000280,26.0,,138.6972106336602,3,2
CUST_000281,0.0,,84.90712444700173,1,9
CUST_000282,73.75,,175.33015271951044,5,1
CUST_000283,30.285714285714285,,134.8642279873568,8,11
CUST_000284,79.5,,119.29579584339947,5,7
CUST_000285,77.66666666666667,,164.10628861039726,4,4
CUST_000286,168.0,,214.84549354858078,3,5
CUST_000287,78.0,,160.70027399678605,4,3
CUST_000288,78.5,,232.54480673271223,3,4
CUST_000289,30.875,,184.24513373853338,9,1
CUST_000290,39.333333333333336,,131.09881340311225,4,4
CUST_000291,62.333333333333336,,170.09418187085873,4,1
CUST_000292,39.75,,136.4284283252519,9,8
CUST_000293,66.0,,114.53407889048218,4,9
CUST_000294,29.0,,180.96562026874577,5,2
CUST_000295,56.0,,135.74833907090775,4,1
CUST_000296,0.0,,25.219695928921,1,6
CUST_000297,39.0,,140.50643979430825,6,9
CUST_000298,61.0,,110.90746943882141,6,1
CUST_000299,6.5,,148.36050034877684,3,4
CUST_000300,79.0,,201.29478443532952,4,5
CUST_000301,57.6,,125.73917836117981,6,1
CUST_000302,47.0,,226.20549360648118,5,5
CUST_000303,32.25,,174.5100586216136,5,11
CUST_000304,159.5,,250.52489620690426,3,5
CUST_000305,53.0,,187.99189917243814,3,1
CUST_000306,71.0,,135.7747929406291,4,1
CUST_000307,46.0,,171.2900238933518,7,1
CUST_000308,26.0,,148.7957867429804,8,4
CUST_000309,69.0,,80.80968039018656,3,1
CUST_000310,93.5,,208.07139625123304,3,3
CUST_000311,28.6,,132.31514743073404,6,2
CUST_000312,55.75,,125.27987800751464,5,2
CUST_000313,59.0,,97.6821151439725,5,4
CUST_000314,57.333333333333336,,146.4534815542598,4,5
CUST_000315,56.25,,207.63000154178226,5,10
CUST_000316,47.25,,188.29812207897655,5,3
CUST_000317,51.5,,142.932678258039,5,3
CUST_000318,57.0,,190.30907815171818,5,3
CUST_000319,53.6,,169.04612144142695,6,4
CUST_000320,57.4,,161.06695186098304,6,2
CUST_000321,51.25,,135.68911009084187,5,9
CUST_000322,49.0,,98.95289636478196,2,2
CUST_000323,50.666666666666664,,195.5941991583908,7,2
CUST_000324,53.0,,168.67630738194504,2,1
CUST_000325,233.0,,110.61520097864599,2,6
CUST_000326,136.5,,168.00191153837304,3,3
CUST_000327,36.25,,121.86459071547429,5,1
CUST_000328,47.42857142857143,,200.12805911704504,8,12
CUST_000329,55.166666666666664,,127.35351210909165,7,2
CUST_000330,23.333333333333332,,85.65303356449772,4,2
CUST_000331,72.0,,143.63681811677316,4,11
CUST_000332,40.166666666666664,,121.06164430336028,7,6
CUST_000333,55.833333333333336,,163.18988465418334,7,1
CUST_000334,39.833333333333336,,144.78191794039637,7,7
CUST_000335,49.333333333333336,,102.95504254840273,7,2
CUST_000336,72.66666666666667,,229.2195595855342,4,2
CUST_000337,80.0,,152.21795731403535,2,3
CUST_000338,30.285714285714285,,146.3832533874717,8,3
CUST_000339,156.0,,125.96214077021433,3,1
CUST_000340,129.0,,153.31904378480644,2,3
CUST_000341,65.25,,149.26542178743912,5,10
CUST_000342,46.666666666666664,,118.21931401447242,4,1
CUST_000343,97.0,,109.53681285420339,3,1
CUST_000344,95.66666666666667,,142.87835197765327,4,1
CUST_000345,46.0,,132.92205823735117,4,4
CUST_000347,43.8,,199.59115616637493,6,5
CUST_000348,323.0,,127.27668180070302,2,5
CUST_000349,0.0,,37.48355856168568,1,7
CUST_000350,57.166666666666664,,116.31673788481349,7,11
CUST_000351,69.0,,85.29438703143117,2,1
CUST_000352,168.0,,160.87811432998197,2,6
CUST_000353,51.0,,199.17068325550125,7,6
CUST_000354,0.0,,115.86379434085444,1,5
CUST_000355,69.6,,183.90528086771977,6,6
CUST_000356,52.6,,105.82738491006181,6,7
CUST_000357,37.4,,209.23459844462846,6,1
CUST_000358,52.0,,125.9365088769724,4,1
CUST_000359,96.66666666666667,,136.1897423838265,4,1
CUST_000360,146.5,,92.58943247897129,3,6
CUST_000361,32.375,,141.4316460717646,9,3
CUST_000362,44.0,,154.99929439540188,5,12
CUST_000363,89.0,,127.01492011406435,4,1
CUST_000364,89.0,,239.5473377309828,2,9
CUST_000365,69.0,,132.19381643113036,3,6
CUST_000366,105.0,,153.21872912485148,3,3
CUST_000367,100.0,,115.74803436515889,4,4
CUST_000368,35.285714285714285,,135.08654252059387,8,2
CUST_000369,44.2,,173.37874433379648,6,9
CUST_000370,39.142857142857146,,143.58296251085432,8,2
CUST_000371,304.0,,119.9322264016022,2,4
CUST_000372,75.33333333333333,,202.2945652200396,4,1
CUST_000373,48.857142857142854,,174.70682789857,8,6
CUST_000374,161.0,,219.56030920626654,3,5
CUST_000375,32.375,,159.99674912307276,9,9
CUST_000376,163.0,,208.2235977591867,2,4
CUST_000377,62.25,,129.35918356032553,5,3
CUST_000378,39.6,,180.71190601487388,6,9
CUST_000379,64.6,,204.71831115996824,6,5
CUST_000380,50.166666666666664,,144.01768335447895,7,8
CUST_000381,112.66666666666667,,146.0144386286282,4,6
CUST_000382,92.5,,75.19663740739672,3,1
CUST_000383,69.25,,199.41321565502645,5,8
CUST_000384,35.0,,236.72995088547782,3,5
CUST_000385,0.0,,215.07648525444947,1,3
CUST_000386,40.166666666666664,,161.11020268400333,7,1
CUST_000387,0.0,,48.91870363464157,1,11
CUST_000388,52.833333333333336,,195.52602060041454,7,2
CUST_000389,66.0,,184.15219654497096,5,7
CUST_000390,36.4,,100.06754578043892,6,12
CUST_000391,72.5,,138.8790150148895,5,4
CUST_000392,98.0,,105.9236805348907,2,8
CUST_000393,47.666666666666664,,150.9213500104522,7,4
CUST_000394,44.333333333333336,,109.66122401965319,4,9
CUST_000395,62.0,,225.25567375752587,6,1
CUST_000396,49.0,,168.09557992587585,7,9
CUST_000397,23.833333333333332,,171.4067600669879,7,12
CUST_000398,22.666666666666668,,167.5012443972903,10,4
CUST_000399,108.0,,205.59485406551872,3,1
CUST_000400,82.75,,171.37414637504276,5,3
CUST_000401,43.8,,202.820579938229,6,1
CUST_000402,0.0,,110.2617731359694,1,1
CUST_000403,83.0,,133.31399389139926,4,3
CUST_000404,60.2,,113.23257956636412,6,3
CUST_000405,65.5,,188.90056112865756,5,4
CUST_000406,30.666666666666668,,145.4532827747194,4,3
CUST_000407,102.66666666666667,,114.27369404574374,4,3
CUST_000408,65.4,,108.89984826133109,6,3
CUST_000409,41.0,,171.99703283930185,8,4
CUST_000411,87.75,,193.76103015365007,5,2
CUST_000412,35.5,,179.12046204836807,5,1
CUST_000413,183.0,,93.18994318376247,2,5
CUST_000414,119.0,,211.60367301595605,3,3
CUST_000415,149.5,,149.2450796927487,3,4
CUST_000416,33.625,,121.25908755328562,9,7
CUST_000417,0.0,,86.91627152577563,1,6
CUST_000418,35.5,,196.9047582893192,5,9
CUST_000419,70.0,,166.1661680802181,5,1
CUST_000420,152.5,,181.03253849832785,3,5
CUST_000421,75.25,,117.03179496956304,5,8
CUST_000422,54.333333333333336,,99.92128303273935,4,2
CUST_000423,65.6,,93.42484618022121,6,12
CUST_000424,167.0,,155.2402320500065,2,3
CUST_000425,17.666666666666668,,185.50165352199576,4,2
CUST_000426,0.0,,177.18957924170496,1,8
CUST_000427,32.4,,200.81668158320417,11,7
CUST_000428,51.0,,186.49214860510295,5,1
CUST_000429,75.75,,84.02667461777955,5,1
CUST_000430,92.5,,161.3464167713016,3,3
CUST_000431,0.0,,231.3527051589161,1,10
CUST_000432,0.0,,170.8994809859588,1,9
CUST_000433,60.0,,195.25882414404174,5,9
CUST_000434,50.166666666666664,,149.4448125633065,7,9
CUST_000435,0.0,,290.2195463469739,1,12
CUST_000436,0.0,,78.89240422465326,1,3
CUST_000437,37.857142857142854,,194.4112036980906,8,1
CUST_000438,106.0,,149.4922301529683,3,3
CUST_000439,49.42857142857143,,167.26501024908166,8,7
CUST_000440,41.57142857142857,,179.48776785405158,8,12
CUST_000441,44.2,,144.68920759276685,6,5
CUST_000442,50.0,,192.69610852229172,7,3
CUST_000443,45.2,,181.5117652205357,6,1
CUST_000444,28.77777777777778,,151.87376597173363,10,1
CUST_000445,53.5,,169.96970724340215,7,2
CUST_000446,41.5,,170.66417875339317,7,1
CUST_000447,38.2,,119.29514632828115,6,1
CUST_000448,43.5,,180.11664895931355,3,8
CUST_000449,12.333333333333334,,170.2457532303287,7,3
CUST_000450,0.0,,101.21009594064051,1,3
CUST_000451,76.5,,161.30075989508475,3,12
CUST_000452,151.0,,152.07117430104074,2,5
CUST_000453,313.0,,27.126778835992056,2,5
CUST_000454,60.75,,166.44556558988552,5,3
CUST_000455,118.33333333333333,,110.5570960549042,4,6
CUST_000456,76.5,,104.11119660367171,3,2
CUST_000457,92.5,,95.94683105451848,3,5
CUST_000458,37.0,,188.18578850849477,4,1
CUST_000459,29.5,,146.08027184019448,3,8
CUST_000460,63.8,,128.28486969490078,6,6
CUST_000461,43.57142857142857,,140.6875681584212,8,4
CUST_000462,33.111111111111114,,163.84284479084528,10,9
CUST_000463,40.2,,153.36768515781685,6,1
CUST_000464,76.75,,161.59675906421802,5,6
CUST_000465,80.0,,154.41568225897603,4,3
CUST_000466,49.833333333333336,,141.88848385698105,7,10
CUST_000467,81.0,,157.1787428365393,4,3
CUST_000468,30.6,,188.8777001680269,6,4
CUST_000469,0.0,,134.65106467877075,1,3
CUST_000470,101.0,,88.11936015251612,4,4
CUST_000471,56.5,,204.87277604754854,3,8
CUST_000472,5.0,,93.94111816153189,2,9
CUST_000473,49.833333333333336,,146.78042448936148,7,8
CUST_000474,76.75,,195.07006343038898,5,7
CUST_000475,31.555555555555557,,128.51107146669,10,11
CUST_000476,36.8,,192.49091061139544,6,1
CUST_000477,48.0,,265.1378281723851,6,11
CUST_000478,97.66666666666667,,112.67085187907152,4,1
CUST_000479,40.857142857142854,,104.60139450471742,8,4
CUST_000480,67.5,,156.10615634126012,3,1
CUST_000481,53.0,,98.51894157441828,5,12
CUST_000482,51.25,,193.89222558044412,5,3
CUST_000483,54.0,,205.69774452843268,5,10
CUST_000484,50.8,,189.16482383241043,6,9
CUST_000485,75.0,,239.7599485139006,5,2
CUST_000486,75.66666666666667,,100.57438116584953,4,2
CUST_000487,72.0,,156.40815540082713,4,2
CUST_000488,92.33333333333333,,79.3247842948835,4,4
CUST_000489,38.888888888888886,,148.6949935264149,10,6
CUST_000491,47.25,,220.8728516308479,5,1
CUST_000492,42.875,,124.37203970627112,9,4
CUST_000493,58.333333333333336,,143.38879142469517,7,6
CUST_000494,160.0,,130.2815380108088,2,6
CUST_000495,162.5,,195.4435293354367,3,1
CUST_000496,45.6,,162.88056977559617,6,8
CUST_000497,38.375,,119.13301702126157,9,10
CUST_000498,47.75,,122.76055240494895,5,1
CUST_000499,0.0,,30.33179538912414,1,3
CUST_000500,57.0,,156.7485599492643,2,3
CUST_000501,33.22222222222222,,189.60340528536645,10,3
CUST_000502,39.833333333333336,,117.61117415018205,7,8
CUST_000503,65.0,,130.76148561720606,6,12
CUST_000504,122.5,,223.42697065324475,3,6
CUST_000505,42.857142857142854,,183.76351637213367,8,1
CUST_000506,180.0,,108.22634222267362,2,4
CUST_000507,43.0,,124.29823214758683,3,7
CUST_000508,39.25,,148.6723757386701,9,5
CUST_000509,106.0,,152.6572521349388,3,1
CUST_000510,44.4,,116.44851924077302,6,5
CUST_000511,74.0,,103.13261779926829,3,2
CUST_000512,242.0,,74.25188882780009,2,6
CUST_000513,43.4,,194.47521846921643,6,1
CUST_000514,106.5,,140.29540738584276,3,8
CUST_000515,52.666666666666664,,148.40141119723214,7,2
CUST_000516,52.0,,185.37797977186958,2,11
CUST_000517,18.0,,154.62196374701026,3,2
CUST_000518,32.0,,271.55649035024896,2,11
CUST_000519,62.75,,155.0576000712089,5,1
CUST_000521,55.6,,152.82394280236028,6,3
CUST_000522,35.0,,109.7781279835478,2,3
CUST_000523,55.0,,186.53253685197265,3,8
CUST_000524,47.333333333333336,,169.02333308874714,7,4
CUST_000525,75.66666666666667,,153.29367987177284,4,1
CUST_000526,49.0,,124.57920585557818,5,1
CUST_000527,55.833333333333336,,211.00967135289457,7,3
CUST_000529,86.0,,191.48951302867,4,3
CUST_000530,79.33333333333333,,153.76975012768494,4,3
CUST_000531,0.0,,23.031281211290608,1,5
CUST_000532,52.0,,175.99492399718434,7,5
CUST_000533,0.0,,81.51905258029545,1,3
CUST_000534,41.6,,140.66158887874826,6,1
CUST_000535,104.0,,132.9933271499354,3,4
CUST_000536,108.0,,119.39569055995094,3,2
CUST_000537,34.22222222222222,,150.23841363851346,10,3
CUST_000538,46.5,,167.4573348066675,5,12
CUST_000539,144.0,,192.08489778456155,3,7
CUST_000540,28.6,,101.08643955378949,11,4
CUST_000541,62.6,,148.692052544147,6,10
CUST_000542,60.4,,118.03535491191018,6,1
CUST_000543,78.66666666666667,,122.98861053359941,4,3
CUST_000544,31.4,,135.03739385590555,6,12
CUST_000545,55.333333333333336,,225.50837712092596,4,5
CUST_000546,65.0,,177.257681662866,2,3
CUST_000547,0.0,,291.89220731122083,1,3
CUST_000548,82.0,,67.21886706506994,3,5
CUST_000549,32.125,,166.54789829167314,9,10
CUST_000550,51.4,,175.26788866974246,6,3
CUST_000551,78.0,,196.93587953492195,3,3
CUST_000552,74.33333333333333,,114.15907820046152,4,1
CUST_000553,62.75,,104.21744440669492,5,1
CUST_000554,46.6,,109.18544090741851,6,3
CUST_000555,45.0,,124.99133996407882,7,4
CUST_000556,31.142857142857142,,154.16954302606092,8,1
CUST_000557,24.0,,121.5460757826671,4,11
CUST_000558,33.666666666666664,,198.81718839400784,4,2
CUST_000559,35.22222222222222,,190.6469841701649,10,12
CUST_000560,37.333333333333336,,159.55617962121917,4,12
CUST_000561,6.0,,147.87492733129753,2,3
CUST_000562,65.33333333333333,,157.5264077183454,4,3
CUST_000563,159.5,,140.03174648056356,3,3
CUST_000564,39.75,,146.78542638933752,9,8
CUST_000565,47.285714285714285,,202.19608797364168,8,8
CUST_000566,46.5,,165.44731422861355,3,1
CUST_000567,43.0,,147.30211049006158,9,6
CUST_000568,34.666666666666664,,162.72547842865566,4,1
CUST_000569,62.25,,180.59730258787803,5,3
CUST_000570,53.0,,183.26320504308728,3,8
CUST_000571,126.5,,162.45075390368405,3,5
CUST_000572,71.33333333333333,,196.431464491702,4,10
CUST_000573,37.0,,175.40636949626014,7,8
CUST_000574,65.2,,181.74197865408962,6,9
CUST_000575,58.4,,105.70462986557283,6,1
CUST_000576,86.0,,63.651093887903635,4,5
CUST_000577,43.666666666666664,,115.30261252605011,7,9
CUST_000578,63.25,,131.36188768878543,5,3
CUST_000579,63.5,,110.03958863155806,5,12
CUST_000580,33.7,,178.73451360976455,11,7
CUST_000581,73.33333333333333,,183.76802445025282,4,2
CUST_000582,62.25,,163.80917759118836,5,9
CUST_000583,35.77777777777778,,190.60931776163164,10,10
CUST_000584,59.666666666666664,,224.45126240374088,4,11
CUST_000585,92.0,,215.10745458364326,2,9
CUST_000586,115.0,,164.09447732944795,3,4
CUST_000587,61.5,,157.93110092106988,3,1
CUST_000588,37.77777777777778,,161.18390617365853,10,4
CUST_000589,41.714285714285715,,183.65512699882416,8,9
CUST_000590,118.33333333333333,,224.02124910225615,4,6
CUST_000591,49.8,,127.27715544185736,6,9
CUST_000592,60.8,,117.85038469247866,6,4
CUST_000593,51.666666666666664,,135.50369928002627,7,2
CUST_000594,132.0,,244.94931385658612,2,8
CUST_000595,49.2,,232.18484276050253,6,1
CUST_000596,49.6,,158.71679418838636,6,9
CUST_000597,38.75,,159.25805507202585,9,7
CUST_000598,33.333333333333336,,182.59605204069334,10,4
CUST_000599,32.57142857142857,,131.18439501747986,8,1
CUST_000600,324.0,,225.04954349119893,2,5
CUST_000601,88.5,,167.74798008555575,5,6
CUST_000602,61.6,,217.09373091227874,6,1
CUST_000603,0.0,,174.16470464423975,2,1
CUST_000604,23.2,,103.59870319468803,6,9
CUST_000605,60.8,,178.4860436921774,6,2
CUST_000606,88.0,,87.4744839873046,3,4
CUST_000607,34.57142857142857,,96.71271322912763,8,2
CUST_000608,43.42857142857143,,178.75567810435214,8,5
CUST_000609,48.5,,154.77915179595487,7,1
CUST_000610,74.0,,163.55954469868672,3,2
CUST_000611,55.0,,196.09599461753922,3,1
CUST_000612,87.33333333333333,,156.12880174269137,4,8
CUST_000613,64.25,,136.8645095951745,5,3
CUST_000614,47.2,,190.82029222610652,6,5
CUST_000615,40.75,,190.8527879259717,9,1
CUST_000616,41.875,,149.7597870746628,9,11
CUST_000617,39.0,,112.02896938805229,6,2
CUST_000618,49.2,,188.3822804840223,6,11
CUST_000619,48.42857142857143,,206.61266964336437,8,6
CUST_000620,69.0,,134.85181558679548,6,6
CUST_000621,42.333333333333336,,133.7842855040877,4,1
CUST_000622,51.5,,217.58287115297426,7,3
CUST_000623,73.33333333333333,,239.15979609957571,4,10
CUST_000624,35.0,,83.91741838768833,7,9
CUST_000625,51.25,,180.72203256902336,5,2
CUST_000626,0.0,,209.9649205825704,1,1
CUST_000627,32.666666666666664,,156.1660487672917,10,4
CUST_000628,99.0,,231.28070480493108,2,8
CUST_000629,62.666666666666664,,129.92014037782195,4,3
CUST_000630,48.5,,132.64876243917288,7,7
CUST_000631,100.5,,154.6702685330378,3,5
CUST_000632,68.33333333333333,,89.66316778119526,4,2
CUST_000633,22.0,,139.00026543928652,3,1
CUST_000634,58.25,,174.55373232034222,5,8
CUST_000635,39.0,,171.51929007825265,6,2
CUST_000636,42.166666666666664,,156.96228559382263,7,7
CUST_000637,41.666666666666664,,114.63956587903814,4,1
CUST_000638,63.333333333333336,,163.24644998985417,4,2
CUST_000639,41.57142857142857,,201.12298687984963,8,3
CUST_000640,58.4,,149.79613155309812,6,5
CUST_000641,49.75,,215.9278614619524,5,10
CUST_000642,70.5,,126.55715115899,5,3
CUST_000643,108.0,,146.11136490037808,2,7
CUST_000644,61.6,,193.48366621717264,6,11
CUST_000645,43.0,,203.09475195617662,7,2
CUST_000646,33.333333333333336,,154.21424049836213,10,4
CUST_000647,39.0,,180.7541651391417,5,1
CUST_000648,55.4,,200.37898577938336,6,5
CUST_000649,66.75,,161.2521510325813,5,8
CUST_000650,46.857142857142854,,167.28544821602532,8,8
CUST_000651,36.5,,79.27329327832037,7,1
CUST_000652,32.0,,82.47007843314861,2,8
CUST_000653,81.0,,160.5854064804239,5,2
CUST_000654,34.0,,194.63254395630568,6,10
CUST_000655,52.0,,159.93722085382709,6,4
CUST_000656,32.55555555555556,,189.14215851467415,10,1
CUST_000657,49.666666666666664,,139.81989221899352,7,1
CUST_000658,30.4,,139.29076477865098,6,2
CUST_000659,85.0,,57.456565714007354,2,2
CUST_000660,39.57142857142857,,123.59367236916803,8,9
CUST_000661,85.66666666666667,,203.98310215101208,4,4
CUST_000662,42.5,,78.29872526088481,7,3
CUST_000663,103.66666666666667,,152.42754449522076,4,1
CUST_000664,118.0,,218.28536655929668,4,6
CUST_000665,43.8,,190.4610002197126,6,1
CUST_000666,116.0,,179.2833032550979,2,2
CUST_000667,61.4,,85.10622798447785,6,10
CUST_000668,20.0,,131.76829664684462,2,7
CUST_000669,45.666666666666664,,178.35399003082549,7,9
CUST_000670,32.5,,231.68117425086248,3,8
CUST_000671,14.0,,129.05280687436067,2,2
CUST_000672,0.0,,230.94806936947035,1,3
CUST_000673,57.5,,111.78368509101819,3,1
CUST_000674,38.5,,174.31866593539422,5,3
CUST_000675,65.75,,120.9190453195697,5,2
CUST_000676,50.833333333333336,,160.31748200148786,7,5
CUST_000677,41.166666666666664,,112.9994966783197,7,2
CUST_000678,56.0,,91.77190990198842,3,2
CUST_000679,49.0,,128.59576052880738,6,3
CUST_000680,110.33333333333333,,155.8955721733559,4,7
CUST_000681,121.0,,131.51333117429323,3,1
CUST_000682,47.0,,150.93088850875904,6,6
CUST_000683,39.333333333333336,,143.1397677037021,7,12
CUST_000684,58.8,,192.20196566353297,6,1
CUST_000685,137.5,,177.3842186628848,3,3
CUST_000686,49.42857142857143,,183.56978227885088,8,6
CUST_000687,102.0,,135.54920322486498,2,2
CUST_000688,41.0,,127.18895696181687,3,8
CUST_000689,117.5,,178.77330421249545,3,3
CUST_000690,43.833333333333336,,154.34396252158922,7,8
CUST_000691,61.6,,222.77768569366825,6,11
CUST_000692,96.0,,117.7699272522179,4,3
CUST_000693,43.5,,77.6253874500084,7,10
CUST_000694,81.5,,265.9193326512211,5,11
CUST_000695,52.166666666666664,,113.86420611311378,7,5
CUST_000696,139.5,,130.376323824232,3,4
CUST_000697,44.0,,175.86567174091425,5,1
CUST_000698,40.714285714285715,,160.87179470308752,8,5
CUST_000699,47.166666666666664,,137.4403040390309,7,2
CUST_000700,32.5,,198.77653265563444,3,8
CUST_000701,32.7,,130.4655414814408,11,1
CUST_000702,30.285714285714285,,121.96444617298584,8,7
CUST_000703,68.75,,117.35368706229369,5,1
CUST_000704,48.0,,155.7843276213164,6,1
CUST_000705,65.8,,130.6435656264806,6,8
CUST_000706,73.0,,192.29228921186817,2,2
CUST_000707,41.625,,147.74912862172178,9,5
CUST_000708,141.5,,110.8736915858132,3,4
CUST_000709,67.0,,90.29318148185736,6,3
CUST_000710,39.57142857142857,,155.62313163296756,8,1
CUST_000711,138.5,,127.32963929278908,3,2
CUST_000712,63.0,,156.41287459219632,3,1
CUST_000713,43.333333333333336,,253.03635484043812,4,1
CUST_000714,19.0,,106.32059080959912,3,3
CUST_000715,24.666666666666668,,185.9392860522956,7,1
CUST_000716,24.142857142857142,,90.2467008754536,8,3
CUST_000717,35.0,,111.7353257707626,8,6
CUST_000718,19.0,,81.18249495158098,4,11
CUST_000719,95.33333333333333,,173.91199094204325,4,1
CUST_000720,22.0,,101.41273262049117,3,4
CUST_000721,67.0,,117.56201783377442,3,2
CUST_000722,38.285714285714285,,123.22036133840669,8,3
CUST_000723,123.0,,193.83788019462327,2,6
CUST_000724,112.0,,179.31299611250085,4,5
CUST_000725,37.166666666666664,,124.51368283047539,7,3
CUST_000726,17.0,,102.87853877179171,2,7
CUST_000727,38.75,,134.716398984271,9,3
CUST_000728,17.0,,158.96923335855368,3,11
CUST_000729,69.2,,166.09834937584893,6,1
CUST_000730,60.25,,222.73700049554503,5,12
CUST_000731,61.25,,140.01720710508164,5,1
CUST_000732,30.333333333333332,,139.11392145632735,4,9
CUST_000733,0.0,,290.31834775662213,1,1
CUST_000734,94.66666666666667,,148.95284632053256,4,5
CUST_000735,22.142857142857142,,166.12393708522484,8,10
CUST_000736,61.25,,157.81804690096882,5,5
CUST_000737,39.5,,149.09592276580287,5,6
CUST_000738,55.833333333333336,,145.96264286888524,7,6
CUST_000739,46.5,,170.46517768586867,5,10
CUST_000740,39.6,,182.70634034611874,6,3
CUST_000741,81.5,,132.45552892655712,5,6
CUST_000742,38.714285714285715,,161.28412328203268,8,5
CUST_000743,50.4,,116.96229254732907,6,11
CUST_000744,230.0,,79.01410495885347,2,2
CUST_000745,48.5,,156.3717317977166,3,8
CUST_000746,41.714285714285715,,153.6713542311216,8,7
CUST_000747,20.0,,200.85382282808456,2,9
CUST_000748,37.22222222222222,,131.24519881081608,10,3
CUST_000749,223.0,,48.6561248619771,2,5
CUST_000750,96.33333333333333,,169.02513751698518,4,3
CUST_000751,58.166666666666664,,91.91008736929584,7,6
CUST_000752,50.25,,150.8690750836842,5,4
CUST_000753,44.4,,138.61141043847672,6,1
CUST_000754,71.66666666666667,,211.73794213653545,4,4
CUST_000755,34.875,,142.143421125484,9,3
CUST_000756,78.25,,133.58863671329544,5,5
CUST_000757,34.42857142857143,,129.9616666595787,8,4
CUST_000758,154.5,,183.0611672475935,3,6
CUST_000759,53.666666666666664,,158.8449727262759,4,12
CUST_000760,108.5,,114.43305905232762,3,3
CUST_000761,22.0,,187.26200853310533,3,5
CUST_000762,38.125,,194.04653520575994,9,3
CUST_000763,64.33333333333333,,204.63154623448332,4,1
CUST_000764,39.5,,63.75599937498102,5,7
CUST_000765,42.8,,145.98172284919156,6,10
CUST_000766,52.0,,170.23970138587697,6,11
CUST_000767,48.5,,83.35928955413662,5,1
CUST_000768,125.0,,103.71402602770264,3,1
CUST_000769,169.0,,63.097678456401205,2,2
CUST_000770,88.33333333333333,,132.2129167378014,4,8
CUST_000771,76.0,,150.63465700873522,3,1
CUST_000772,71.0,,213.51971823882192,3,2
CUST_000773,53.333333333333336,,132.92284445761464,4,3
CUST_000774,37.2,,268.04612386520466,6,8
CUST_000775,68.25,,196.35828941713763,5,6
CUST_000776,51.75,,164.49019011553315,5,12
CUST_000777,3.0,,178.6079500806448,2,9
CUST_000778,255.0,,238.0797649385139,2,4
CUST_000779,8.0,,198.38385254270955,3,7
CUST_000780,72.0,,154.68844606457876,4,1
CUST_000781,58.333333333333336,,136.33201654114697,4,6
CUST_000782,77.5,,177.40074973817573,5,7
CUST_000783,73.0,,195.74875509738686,3,2
CUST_000784,42.333333333333336,,47.550563764883094,4,1
CUST_000785,34.0,,165.4842010301923,8,2
CUST_000786,53.166666666666664,,144.86834718949453,7,2
CUST_000787,0.0,,108.50674694147538,1,8
CUST_000788,81.33333333333333,,120.09951739579668,4,2
CUST_000789,37.5,,152.27125493997008,7,4
CUST_000790,23.6,,154.85891165448217,11,1
CUST_000791,59.666666666666664,,151.6167182454031,7,6
CUST_000792,68.75,,171.77699586636047,5,7
CUST_000793,31.0,,143.97448208202616,11,1
CUST_000794,52.166666666666664,,167.31112754505838,7,1
CUST_000795,60.0,,123.59395701871001,6,8
CUST_000796,28.0,,155.33966191408751,10,1
CUST_000797,156.0,,106.88846988597675,3,5
CUST_000798,57.6,,89.5939098688793,6,5
CUST_000799,45.0,,140.51460438134058,7,9
CUST_000800,131.5,,127.45934924832795,3,6
CUST_000801,51.0,,188.80123446159757,3,2
CUST_000802,148.0,,199.2065327558363,2,7
CUST_000803,68.0,,146.76766970511608,4,11
CUST_000804,21.666666666666668,,144.04996078339727,4,10
CUST_000805,40.666666666666664,,120.47917066457873,7,4
CUST_000806,3.0,,206.59095763825587,2,12
CUST_000807,64.66666666666667,,148.43328885550523,4,5
CUST_000808,59.5,,210.23820669716838,5,1
CUST_000809,77.0,,186.6637560730656,2,3
CUST_000810,0.0,,258.48225141972114,1,12
CUST_000811,38.125,,152.59095718025569,9,12
CUST_000812,49.0,,207.87440734081267,6,1
CUST_000813,0.0,,258.40585168420733,1,4
CUST_000814,16.0,,203.5742370429844,2,8
CUST_000815,68.25,,115.57701431031367,5,2
CUST_000816,0.0,,100.04579823935016,1,10
CUST_000817,23.0,,173.98925145461783,4,2
CUST_000818,43.0,,132.6436012295859,8,11
CUST_000819,74.25,,204.41858649466053,5,5
CUST_000820,90.33333333333333,,168.116077425271,4,2
CUST_000821,47.5,,153.24360848276174,7,11
CUST_000822,81.5,,134.70350954019102,3,7
CUST_000823,69.0,,86.23356086570766,5,8
CUST_000824,26.09090909090909,,180.66560285889025,12,6
CUST_000825,61.75,,190.71688288116735,5,4
CUST_000826,46.0,,189.87863456356345,7,1
CUST_000827,60.8,,148.4623369941026,6,3
CUST_000828,0.0,,23.54236718668279,1,10
CUST_000829,64.75,,146.6781912826554,5,2
CUST_000830,85.66666666666667,,143.01114057465037,4,1
CUST_000831,23.428571428571427,,183.8192752738241,8,4
CUST_000832,63.25,,154.04255982360164,5,2
CUST_000833,35.857142857142854,,193.48572786404188,8,7
CUST_000834,52.6,,102.90129323749223,6,7
CUST_000835,46.0,,122.82690018285892,4,2
CUST_000836,61.0,,118.49877407106952,3,11
CUST_000837,52.2,,127.78360370413033,6,10
CUST_000838,63.6,,148.53316894246788,6,2
CUST_000839,60.0,,177.7911935527539,5,2
CUST_000840,77.0,,187.85962359986212,4,2
CUST_000841,57.0,,39.29538542876564,4,1
CUST_000842,53.8,,143.49590923487293,6,2
CUST_000843,227.0,,143.29268039016867,2,4
CUST_000844,37.142857142857146,,126.16459509369889,8,2
CUST_000845,64.0,,189.02926414340928,6,7
CUST_000846,43.0,,142.70299889842974,6,11
CUST_000847,43.666666666666664,,157.82352725541213,7,2
CUST_000848,56.5,,81.01634048470598,5,2
CUST_000849,36.55555555555556,,118.87654228432112,10,7
CUST_000850,68.25,,135.8094978186606,5,2
CUST_000851,40.4,,166.93370948510872,6,11
CUST_000852,28.555555555555557,,83.35805803844048,10,10
CUST_000853,42.333333333333336,,120.52676515804255,4,7
CUST_000854,44.0,,148.03385216517603,8,4
CUST_000855,60.2,,133.88545175094552,6,4
CUST_000856,42.75,,171.274944405527,5,10
CUST_000857,34.77777777777778,,152.6670838366512,10,2
CUST_000858,45.42857142857143,,145.89308960446448,8,1
CUST_000859,51.25,,187.34945023829863,5,1
CUST_000860,32.375,,137.37835443127258,9,11
CUST_000861,87.0,,170.13683917372,4,2
CUST_000862,58.5,,170.08702021942173,7,8
CUST_000863,47.0,,139.29375658317164,7,5
CUST_000864,83.25,,145.85209834676954,5,5
CUST_000865,64.75,,146.40564840865719,5,4
CUST_000866,32.0,,152.20648187858757,5,10
CUST_000867,37.285714285714285,,178.07126504023734,8,8
CUST_000868,29.8,,108.82765473086634,11,7
CUST_000869,41.125,,145.93581253901084,9,5
CUST_000870,41.833333333333336,,137.66524171114315,7,2
CUST_000871,31.75,,206.56199547545825,5,3
CUST_000872,52.666666666666664,,158.96131244531853,4,4
CUST_000873,101.33333333333333,,109.65760031128217,4,2
CUST_000874,133.0,,153.77378020021675,3,4
CUST_000875,56.8,,208.28131570775125,6,12
CUST_000876,38.4,,162.39973477459827,6,3
CUST_000877,56.75,,150.84150851676722,5,1
CUST_000878,135.5,,160.95182813046628,3,4
CUST_000879,41.0,,93.59405469178856,5,1
CUST_000880,149.0,,100.56294097809212,3,2
CUST_000881,37.4,,217.36070256643038,6,2
CUST_000882,45.666666666666664,,131.69944227135113,4,2
CUST_000883,82.0,,137.581458137318,3,2
CUST_000884,76.25,,130.27916999619887,5,1
CUST_000885,73.25,,169.14711410701705,5,9
CUST_000886,57.5,,173.1000567816005,5,3
CUST_000887,55.0,,141.48590070943274,7,5
CUST_000888,123.0,,164.27141814147575,3,3
CUST_000889,122.0,,66.30176917258859,2,1
CUST_000890,46.0,,215.7927274048696,2,2
CUST_000891,47.75,,208.11197496834492,5,11
CUST_000892,67.75,,136.93456112397686,5,1
CUST_000893,0.0,,60.505440794664935,1,6
CUST_000894,16.0,,145.00976580896852,3,9
CUST_000895,128.0,,132.96789187818538,2,1
CUST_000896,22.5,,149.81454559989592,5,10
CUST_000897,38.333333333333336,,162.83535278215012,4,5
CUST_000898,71.0,,196.37656742394685,3,8
CUST_000900,47.833333333333336,,158.07302887788595,7,5
CUST_000901,43.333333333333336,,178.08094926319305,7,2
CUST_000902,69.0,,123.1210571470604,5,5
CUST_000903,46.0,,137.26954053670684,6,4
CUST_000904,33.75,,177.05447241292734,5,1
CUST_000905,16.333333333333332,,156.9846478271438,4,11
CUST_000906,56.8,,124.92713669795842,6,2
CUST_000907,0.0,,199.64009440496488,1,11
CUST_000908,50.75,,127.87565988163962,5,10
CUST_000909,114.66666666666667,,117.7778229367495,4,6
CUST_000910,114.33333333333333,,239.20108401706904,4,2
CUST_000911,76.5,,146.9852571297693,5,2
CUST_000912,146.0,,108.4850867141439,3,2
CUST_000913,98.0,,143.514960792795,4,1
CUST_000914,33.0,,161.76080600614642,2,8
CUST_000915,35.5,,114.14042300045526,9,5
CUST_000916,40.5,,122.75284305848409,7,1
CUST_000917,0.0,,138.56289302408263,1,10
CUST_000918,48.25,,71.86523864491815,5,4
CUST_000919,13.666666666666666,,138.2261155217004,4,1
CUST_000920,145.0,,251.64346048320326,3,4
CUST_000921,0.0,,71.39716792291154,1,5
CUST_000922,32.0,,147.92958188467531,11,3
CUST_000923,54.0,,138.8163173514264,5,11
CUST_000924,45.57142857142857,,135.5137691806424,8,9
CUST_000925,41.0,,255.0271943077122,2,3
CUST_000926,148.5,,132.29966110309303,3,4
CUST_000927,73.0,,114.14600726629276,3,8
CUST_000928,0.0,,152.6144785161004,1,6
CUST_000929,43.2,,136.5247131104941,6,5
CUST_000930,129.5,,154.12681247754008,3,4
CUST_000931,89.5,,209.75374567157823,3,1
CUST_000932,38.75,,156.4154972898266,5,4
CUST_000933,49.0,,160.67786530580324,6,12
CUST_000934,48.0,,72.12394239810142,3,1
CUST_000935,119.0,,221.99390078324515,4,6
CUST_000936,45.0,,245.05763260148956,4,1
CUST_000937,100.66666666666667,,212.85714498546318,4,5
CUST_000938,53.25,,180.35778478823468,5,4
CUST_000939,54.2,,177.2892620973347,6,8
CUST_000940,114.0,,119.98180006886429,3,2
CUST_000941,37.0,,105.63394453003161,4,11
CUST_000942,290.0,,277.5953736552543,2,5
CUST_000943,51.2,,119.72319200460397,6,8
CUST_000944,107.0,,149.56104494469508,2,8
CUST_000945,38.5,,149.6231770079467,9,8
CUST_000946,150.0,,154.28054107834527,3,5
CUST_000947,49.333333333333336,,146.89718770393827,4,7
CUST_000948,45.25,,147.4768754405653,5,1
CUST_000949,83.25,,212.64369106182457,5,7
CUST_000950,108.0,,246.23000417418166,2,1
CUST_000951,34.666666666666664,,198.17562926010672,7,4
CUST_000952,39.0,,190.64891325722684,3,11
CUST_000953,54.75,,111.14460073219531,5,4
CUST_000954,44.8,,117.38585330677535,6,1
CUST_000955,37.857142857142854,,184.91270637615594,8,5
CUST_000956,36.0,,149.75007938971007,3,3
CUST_000957,49.5,,161.47201654217756,3,1
CUST_000958,35.714285714285715,,157.46177956052236,8,2
CUST_000959,39.57142857142857,,156.6096367952464,8,2
CUST_000960,36.8,,157.4008877585845,6,2
CUST_000961,35.44444444444444,,195.57159615377748,10,9
CUST_000962,43.0,,191.39293579499733,9,4
CUST_000963,27.0,,146.74861651382528,2,3
CUST_000964,65.75,,159.82605026362387,5,11
CUST_000965,0.0,,182.6582762991791,1,6
CUST_000966,87.66666666666667,,185.4857216613516,4,2
CUST_000967,40.833333333333336,,84.1546206972131,7,2
CUST_000968,27.625,,126.23698923842691,9,5
CUST_000969,30.8,,149.60809489707194,6,1
CUST_000970,252.0,,241.05530982954218,2,4
CUST_000971,83.0,,117.68073728827642,2,3
CUST_000972,55.2,,174.42578393762406,6,4
CUST_000973,50.25,,173.6723683569986,5,11
CUST_000974,117.33333333333333,,43.444134598844684,4,6
CUST_000975,78.5,,126.16523797025793,3,2
CUST_000976,34.5,,141.8691659244093,9,8
CUST_000977,60.5,,188.5592063610029,5,4
CUST_000978,70.66666666666667,,241.3237741493026,4,3
CUST_000979,270.0,,161.47854888045487,2,6
CUST_000980,59.75,,202.72865935159686,5,4
CUST_000981,33.25,,166.91510702891526,9,1
CUST_000982,46.166666666666664,,225.4030506531589,7,1
CUST_000983,34.22222222222222,,123.82132705075273,10,3
CUST_000984,94.5,,157.33396878431304,3,3
CUST_000985,114.5,,126.20130528162822,3,3
CUST_000986,2.5,,121.65542964684408,3,1
CUST_000987,49.666666666666664,,141.99326429060642,7,2
CUST_000988,41.666666666666664,,179.4639166490717,4,1
CUST_000989,255.0,,127.90620754059613,2,6
CUST_000990,23.0,,159.63961220780834,4,2
CUST_000991,35.4,,167.32350356222022,6,12
CUST_000992,24.363636363636363,,122.69051478944851,12,3
CUST_000993,63.5,,141.46782316568496,5,12
CUST_000994,75.5,,87.27636237445208,5,3
CUST_000995,64.75,,166.35966621089366,5,2
CUST_000996,34.8,,98.99794122751217,6,2
CUST_000997,56.2,,137.08895099839137,6,12
CUST_000998,34.666666666666664,,53.49801308822989,4,4
CUST_000999,35.333333333333336,,138.77546973155404,10,1
